-- phpMyAdmin SQL Dump
-- version 5.2.1
-- https://www.phpmyadmin.net/
--
-- Host: 127.0.0.1
-- Generation Time: Jun 17, 2025 at 07:40 AM
-- Server version: 10.4.32-MariaDB
-- PHP Version: 8.2.12

SET SQL_MODE = "NO_AUTO_VALUE_ON_ZERO";
START TRANSACTION;
SET time_zone = "+00:00";


/*!40101 SET @OLD_CHARACTER_SET_CLIENT=@@CHARACTER_SET_CLIENT */;
/*!40101 SET @OLD_CHARACTER_SET_RESULTS=@@CHARACTER_SET_RESULTS */;
/*!40101 SET @OLD_COLLATION_CONNECTION=@@COLLATION_CONNECTION */;
/*!40101 SET NAMES utf8mb4 */;

--
-- Database: `qr_attendance_db`
--

-- --------------------------------------------------------

--
-- Table structure for table `activity_logs`
--

CREATE TABLE `activity_logs` (
  `id` int(11) NOT NULL,
  `user_id` int(11) DEFAULT NULL,
  `action_type` enum('attendance_scan','settings_change','file_action','user_action','system_change','data_export','offline_sync') NOT NULL,
  `action_description` text NOT NULL,
  `affected_table` varchar(50) DEFAULT NULL,
  `affected_id` int(11) DEFAULT NULL,
  `ip_address` varchar(45) DEFAULT NULL,
  `user_agent` text DEFAULT NULL,
  `created_at` datetime NOT NULL,
  `additional_data` longtext CHARACTER SET utf8mb4 COLLATE utf8mb4_bin DEFAULT NULL CHECK (json_valid(`additional_data`))
) ENGINE=InnoDB DEFAULT CHARSET=utf8mb4 COLLATE=utf8mb4_general_ci;

--
-- Dumping data for table `activity_logs`
--

INSERT INTO `activity_logs` (`id`, `user_id`, `action_type`, `action_description`, `affected_table`, `affected_id`, `ip_address`, `user_agent`, `created_at`, `additional_data`) VALUES
(1, 19, 'settings_change', 'Updated academic settings: School Year: 2024-2025, Semester: 2nd Semester', 'settings', NULL, '::1', 'Mozilla/5.0 (Windows NT 10.0; Win64; x64) AppleWebKit/537.36 (KHTML, like Gecko) Chrome/135.0.0.0 Safari/537.36', '2025-04-09 22:19:38', '{\"school_year\":\"2024-2025\",\"semester\":\"2nd Semester\"}'),
(2, 19, 'settings_change', 'Updated school information', 'school_info', 1, '::1', 'Mozilla/5.0 (Windows NT 10.0; Win64; x64) AppleWebKit/537.36 (KHTML, like Gecko) Chrome/135.0.0.0 Safari/537.36', '2025-04-09 23:12:48', '{\"school_motto\":{\"old\":\"omsimize\",\"new\":\"\"}}'),
(3, 19, 'settings_change', 'Updated school information', 'school_info', 1, '::1', 'Mozilla/5.0 (Windows NT 10.0; Win64; x64) AppleWebKit/537.36 (KHTML, like Gecko) Chrome/135.0.0.0 Safari/537.36', '2025-04-09 23:12:51', NULL),
(4, 19, 'settings_change', 'Updated school information', 'school_info', 1, '::1', 'Mozilla/5.0 (Windows NT 10.0; Win64; x64) AppleWebKit/537.36 (KHTML, like Gecko) Chrome/135.0.0.0 Safari/537.36', '2025-04-09 23:15:41', '{\"school_address\":{\"old\":\"\",\"new\":\"Brgy. Santo Ni\\u00f1o\"},\"school_contact\":{\"old\":\"\",\"new\":\"09100668203\"}}'),
(5, 19, 'data_export', 'Exported attendance records in excel format', 'tbl_attendance', NULL, '::1', 'Mozilla/5.0 (Windows NT 10.0; Win64; x64) AppleWebKit/537.36 (KHTML, like Gecko) Chrome/135.0.0.0 Safari/537.36', '2025-04-10 00:41:00', '{\"format\":\"excel\",\"start_date\":\"2025-04-03\",\"end_date\":\"2025-04-10\",\"course_section\":\"\",\"day\":\"\",\"record_count\":24}'),
(6, 19, 'data_export', 'Exported attendance records in excel format', 'tbl_attendance', NULL, '::1', 'Mozilla/5.0 (Windows NT 10.0; Win64; x64) AppleWebKit/537.36 (KHTML, like Gecko) Chrome/135.0.0.0 Safari/537.36', '2025-04-10 00:46:29', '{\"format\":\"excel\",\"start_date\":\"2025-03-02\",\"end_date\":\"2025-04-10\",\"course_section\":\"\",\"day\":\"\",\"record_count\":36}'),
(7, 19, 'settings_change', 'Updated school information', 'school_info', 1, '::1', 'Mozilla/5.0 (Windows NT 10.0; Win64; x64) AppleWebKit/537.36 (KHTML, like Gecko) Chrome/135.0.0.0 Safari/537.36', '2025-04-20 00:39:25', '{\"school_logo_path\":{\"old\":\"admin\\/image\\/school-logo.png\",\"new\":\"admin\\/image\\/school-logo.png\"}}'),
(8, 19, 'settings_change', 'Updated school information', 'school_info', 1, '::1', 'Mozilla/5.0 (Windows NT 10.0; Win64; x64) AppleWebKit/537.36 (KHTML, like Gecko) Chrome/135.0.0.0 Safari/537.36', '2025-04-20 00:39:33', '{\"school_logo_path\":{\"old\":\"admin\\/image\\/school-logo.png\",\"new\":\"admin\\/image\\/school-logo.png\"}}'),
(9, 19, 'settings_change', 'Updated school information', 'school_info', 1, '::1', 'Mozilla/5.0 (Windows NT 10.0; Win64; x64) AppleWebKit/537.36 (KHTML, like Gecko) Chrome/135.0.0.0 Safari/537.36', '2025-04-20 00:39:39', '{\"school_motto\":{\"old\":\"\",\"new\":\"OMSIM\"}}'),
(10, 19, 'settings_change', 'Updated school information', 'school_info', 1, '::1', 'Mozilla/5.0 (Windows NT 10.0; Win64; x64) AppleWebKit/537.36 (KHTML, like Gecko) Chrome/135.0.0.0 Safari/537.36', '2025-04-20 00:39:52', '{\"school_logo_path\":{\"old\":\"admin\\/image\\/school-logo.png\",\"new\":\"admin\\/image\\/school-logo.png\"}}'),
(11, 19, 'settings_change', 'Updated academic settings: School Year: 2025-2026, Semester: 2nd Semester', 'user_settings', NULL, '::1', 'Mozilla/5.0 (Windows NT 10.0; Win64; x64) AppleWebKit/537.36 (KHTML, like Gecko) Chrome/135.0.0.0 Safari/537.36', '2025-04-24 22:58:02', '{\"school_year\":{\"old\":\"2024-2025\",\"new\":\"2025-2026\"},\"semester\":{\"old\":\"2nd Semester\",\"new\":\"2nd Semester\"}}'),
(12, 19, 'settings_change', 'Updated academic settings: School Year: 2024-2025, Semester: 2nd Semester', 'user_settings', NULL, '::1', 'Mozilla/5.0 (Windows NT 10.0; Win64; x64) AppleWebKit/537.36 (KHTML, like Gecko) Chrome/135.0.0.0 Safari/537.36', '2025-04-24 22:58:11', '{\"school_year\":{\"old\":\"2025-2026\",\"new\":\"2024-2025\"},\"semester\":{\"old\":\"2nd Semester\",\"new\":\"2nd Semester\"}}'),
(13, 19, 'settings_change', 'Updated academic settings: School Year: 2025-2026, Semester: 1st Semester', 'user_settings', NULL, '::1', 'Mozilla/5.0 (Windows NT 10.0; Win64; x64) AppleWebKit/537.36 (KHTML, like Gecko) Chrome/135.0.0.0 Safari/537.36', '2025-04-24 22:58:21', '{\"school_year\":{\"old\":\"2024-2025\",\"new\":\"2025-2026\"},\"semester\":{\"old\":\"2nd Semester\",\"new\":\"1st Semester\"}}'),
(14, 19, '', 'Searched for: profile', 'settings', 1, '::1', 'Mozilla/5.0 (Windows NT 10.0; Win64; x64) AppleWebKit/537.36 (KHTML, like Gecko) Chrome/135.0.0.0 Safari/537.36', '2025-04-24 23:19:29', '{\"search_query\":\"profile\",\"search_time\":\"2025-04-24 17:19:29\",\"user_agent\":\"Mozilla\\/5.0 (Windows NT 10.0; Win64; x64) AppleWebKit\\/537.36 (KHTML, like Gecko) Chrome\\/135.0.0.0 Safari\\/537.36\",\"ip_address\":\"::1\"}'),
(15, 19, '', 'Searched for: dark mode', 'settings', 1, '::1', 'Mozilla/5.0 (Windows NT 10.0; Win64; x64) AppleWebKit/537.36 (KHTML, like Gecko) Chrome/135.0.0.0 Safari/537.36', '2025-04-24 23:37:35', '{\"search_query\":\"dark mode\",\"search_time\":\"2025-04-24 17:37:35\",\"user_agent\":\"Mozilla\\/5.0 (Windows NT 10.0; Win64; x64) AppleWebKit\\/537.36 (KHTML, like Gecko) Chrome\\/135.0.0.0 Safari\\/537.36\",\"ip_address\":\"::1\"}'),
(16, 19, '', 'Searched for: history', 'settings', 1, '::1', 'Mozilla/5.0 (Windows NT 10.0; Win64; x64) AppleWebKit/537.36 (KHTML, like Gecko) Chrome/135.0.0.0 Safari/537.36', '2025-04-24 23:39:59', '{\"search_query\":\"history\",\"search_time\":\"2025-04-24 17:39:58\",\"user_agent\":\"Mozilla\\/5.0 (Windows NT 10.0; Win64; x64) AppleWebKit\\/537.36 (KHTML, like Gecko) Chrome\\/135.0.0.0 Safari\\/537.36\",\"ip_address\":\"::1\"}'),
(17, 19, '', 'Searched for: backup', 'settings', 1, '::1', 'Mozilla/5.0 (Windows NT 10.0; Win64; x64) AppleWebKit/537.36 (KHTML, like Gecko) Chrome/135.0.0.0 Safari/537.36', '2025-04-24 23:40:26', '{\"search_query\":\"backup\",\"search_time\":\"2025-04-24 17:40:26\",\"user_agent\":\"Mozilla\\/5.0 (Windows NT 10.0; Win64; x64) AppleWebKit\\/537.36 (KHTML, like Gecko) Chrome\\/135.0.0.0 Safari\\/537.36\",\"ip_address\":\"::1\"}'),
(18, 19, '', 'Searched for: information', 'settings', 1, '::1', 'Mozilla/5.0 (Windows NT 10.0; Win64; x64) AppleWebKit/537.36 (KHTML, like Gecko) Chrome/135.0.0.0 Safari/537.36', '2025-04-24 23:40:42', '{\"search_query\":\"information\",\"search_time\":\"2025-04-24 17:40:42\",\"user_agent\":\"Mozilla\\/5.0 (Windows NT 10.0; Win64; x64) AppleWebKit\\/537.36 (KHTML, like Gecko) Chrome\\/135.0.0.0 Safari\\/537.36\",\"ip_address\":\"::1\"}'),
(19, 19, '', 'Searched for: motto', 'settings', 1, '::1', 'Mozilla/5.0 (Windows NT 10.0; Win64; x64) AppleWebKit/537.36 (KHTML, like Gecko) Chrome/135.0.0.0 Safari/537.36', '2025-04-24 23:40:52', '{\"search_query\":\"motto\",\"search_time\":\"2025-04-24 17:40:52\",\"user_agent\":\"Mozilla\\/5.0 (Windows NT 10.0; Win64; x64) AppleWebKit\\/537.36 (KHTML, like Gecko) Chrome\\/135.0.0.0 Safari\\/537.36\",\"ip_address\":\"::1\"}'),
(20, 19, '', 'Searched for: website', 'settings', 1, '::1', 'Mozilla/5.0 (Windows NT 10.0; Win64; x64) AppleWebKit/537.36 (KHTML, like Gecko) Chrome/135.0.0.0 Safari/537.36', '2025-04-24 23:41:00', '{\"search_query\":\"website\",\"search_time\":\"2025-04-24 17:41:00\",\"user_agent\":\"Mozilla\\/5.0 (Windows NT 10.0; Win64; x64) AppleWebKit\\/537.36 (KHTML, like Gecko) Chrome\\/135.0.0.0 Safari\\/537.36\",\"ip_address\":\"::1\"}'),
(21, 19, '', 'Searched for: mode', 'settings', 1, '::1', 'Mozilla/5.0 (Windows NT 10.0; Win64; x64) AppleWebKit/537.36 (KHTML, like Gecko) Chrome/135.0.0.0 Safari/537.36', '2025-04-24 23:42:34', '{\"search_query\":\"mode\",\"search_time\":\"2025-04-24 17:42:34\",\"user_agent\":\"Mozilla\\/5.0 (Windows NT 10.0; Win64; x64) AppleWebKit\\/537.36 (KHTML, like Gecko) Chrome\\/135.0.0.0 Safari\\/537.36\",\"ip_address\":\"::1\"}'),
(22, 19, '', 'Searched for: deact', 'settings', NULL, '::1', 'Mozilla/5.0 (Windows NT 10.0; Win64; x64) AppleWebKit/537.36 (KHTML, like Gecko) Chrome/135.0.0.0 Safari/537.36', '2025-04-24 23:50:16', '{\"search_query\":\"deact\",\"search_time\":\"2025-04-24 17:50:16\",\"user_agent\":\"Mozilla\\/5.0 (Windows NT 10.0; Win64; x64) AppleWebKit\\/537.36 (KHTML, like Gecko) Chrome\\/135.0.0.0 Safari\\/537.36\",\"ip_address\":\"::1\"}'),
(23, 19, '', 'Searched for: profile', 'settings', NULL, '::1', 'Mozilla/5.0 (Windows NT 10.0; Win64; x64) AppleWebKit/537.36 (KHTML, like Gecko) Chrome/135.0.0.0 Safari/537.36', '2025-04-24 23:53:14', '{\"search_query\":\"profile\",\"search_time\":\"2025-04-24 17:53:14\",\"user_agent\":\"Mozilla\\/5.0 (Windows NT 10.0; Win64; x64) AppleWebKit\\/537.36 (KHTML, like Gecko) Chrome\\/135.0.0.0 Safari\\/537.36\",\"ip_address\":\"::1\"}'),
(24, 19, 'data_export', 'Exported activity logs in csv format', 'activity_logs', NULL, '::1', 'Mozilla/5.0 (Windows NT 10.0; Win64; x64) AppleWebKit/537.36 (KHTML, like Gecko) Chrome/135.0.0.0 Safari/537.36', '2025-04-25 02:28:36', '{\"format\":\"csv\",\"start_date\":\"\",\"end_date\":\"\",\"action_type\":\"\",\"user_id\":\"\",\"username\":\"escall\"}'),
(25, 19, 'data_export', 'Exported activity logs in excel format', 'activity_logs', NULL, '::1', 'Mozilla/5.0 (Windows NT 10.0; Win64; x64) AppleWebKit/537.36 (KHTML, like Gecko) Chrome/135.0.0.0 Safari/537.36', '2025-04-25 02:28:41', '{\"format\":\"excel\",\"start_date\":\"\",\"end_date\":\"\",\"action_type\":\"\",\"user_id\":\"\",\"username\":\"escall\"}'),
(26, 19, '', 'Deleted attendance record #62', 'tbl_attendance', 62, '::1', 'Mozilla/5.0 (Windows NT 10.0; Win64; x64) AppleWebKit/537.36 (KHTML, like Gecko) Chrome/135.0.0.0 Safari/537.36', '2025-04-25 21:37:17', '{\"tbl_attendance_id\":62,\"tbl_student_id\":16,\"time_in\":\"2025-04-25 21:36:15\",\"status\":\"Late\",\"time_out\":null,\"instructor_id\":1,\"subject_id\":1}'),
(27, 19, 'settings_change', 'Updated school information', 'school_info', 1, '::1', 'Mozilla/5.0 (Windows NT 10.0; Win64; x64) AppleWebKit/537.36 (KHTML, like Gecko) Chrome/135.0.0.0 Safari/537.36', '2025-04-25 22:44:41', '{\"school_address\":{\"old\":\"Brgy. Santo Ni\\u00f1o\",\"new\":\"San Pedro City Polytechnic College\\r\\nBrgy. Poblacion, Mabini street, San Pedro City, 4023 Laguna, Philippines\"},\"school_contact\":{\"old\":\"09100668203\",\"new\":\"(02) 87777-352\"}}'),
(28, 19, 'settings_change', 'Updated school information', 'school_info', 1, '::1', 'Mozilla/5.0 (Windows NT 10.0; Win64; x64) AppleWebKit/537.36 (KHTML, like Gecko) Chrome/135.0.0.0 Safari/537.36', '2025-04-25 22:45:34', '{\"school_email\":{\"old\":\"\",\"new\":\"spcpc2017ph@gmail.com\"},\"school_website\":{\"old\":\"\",\"new\":\"http:\\/\\/localhost\\/onlineenrolmentsystem\\/\"},\"school_vision\":{\"old\":\"\",\"new\":\"San Pedro City: A leading recognized Smart City in CALABARZON by 2032.\"},\"school_mission\":{\"old\":\"\",\"new\":\"Deliver the highest quality of basiic services our constituents while optimizing our resources in accordance with the statutory requirements and our core values.\"}}'),
(29, 19, 'settings_change', 'Updated school information', 'school_info', 1, '::1', 'Mozilla/5.0 (Windows NT 10.0; Win64; x64) AppleWebKit/537.36 (KHTML, like Gecko) Chrome/135.0.0.0 Safari/537.36', '2025-04-25 22:46:12', '{\"school_motto\":{\"old\":\"OMSIM\",\"new\":\"UNA SA LAGUNA\"}}'),
(30, 19, '', 'Searched for: dark mode', 'settings', NULL, '::1', 'Mozilla/5.0 (Windows NT 10.0; Win64; x64) AppleWebKit/537.36 (KHTML, like Gecko) Chrome/137.0.0.0 Safari/537.36', '2025-06-04 19:59:20', '{\"search_query\":\"dark mode\",\"search_time\":\"2025-06-04 13:59:20\",\"user_agent\":\"Mozilla\\/5.0 (Windows NT 10.0; Win64; x64) AppleWebKit\\/537.36 (KHTML, like Gecko) Chrome\\/137.0.0.0 Safari\\/537.36\",\"ip_address\":\"::1\"}'),
(31, 19, '', 'Searched for: address', 'settings', NULL, '::1', 'Mozilla/5.0 (Windows NT 10.0; Win64; x64) AppleWebKit/537.36 (KHTML, like Gecko) Chrome/137.0.0.0 Safari/537.36', '2025-06-04 19:59:28', '{\"search_query\":\"address\",\"search_time\":\"2025-06-04 13:59:28\",\"user_agent\":\"Mozilla\\/5.0 (Windows NT 10.0; Win64; x64) AppleWebKit\\/537.36 (KHTML, like Gecko) Chrome\\/137.0.0.0 Safari\\/537.36\",\"ip_address\":\"::1\"}'),
(32, 19, '', 'Searched for: DELETE', 'settings', NULL, '::1', 'Mozilla/5.0 (Windows NT 10.0; Win64; x64) AppleWebKit/537.36 (KHTML, like Gecko) Chrome/137.0.0.0 Safari/537.36', '2025-06-16 21:13:13', '{\"search_query\":\"DELETE\",\"search_time\":\"2025-06-16 15:13:13\",\"user_agent\":\"Mozilla\\/5.0 (Windows NT 10.0; Win64; x64) AppleWebKit\\/537.36 (KHTML, like Gecko) Chrome\\/137.0.0.0 Safari\\/537.36\",\"ip_address\":\"::1\"}'),
(33, 19, '', 'Searched for: ATTENDANCE', 'settings', NULL, '::1', 'Mozilla/5.0 (Windows NT 10.0; Win64; x64) AppleWebKit/537.36 (KHTML, like Gecko) Chrome/137.0.0.0 Safari/537.36', '2025-06-16 21:13:23', '{\"search_query\":\"ATTENDANCE\",\"search_time\":\"2025-06-16 15:13:23\",\"user_agent\":\"Mozilla\\/5.0 (Windows NT 10.0; Win64; x64) AppleWebKit\\/537.36 (KHTML, like Gecko) Chrome\\/137.0.0.0 Safari\\/537.36\",\"ip_address\":\"::1\"}'),
(34, 19, '', 'Searched for: dark mode', 'settings', NULL, '::1', 'Mozilla/5.0 (Windows NT 10.0; Win64; x64) AppleWebKit/537.36 (KHTML, like Gecko) Chrome/137.0.0.0 Safari/537.36', '2025-06-17 12:32:39', '{\"search_query\":\"dark mode\",\"search_time\":\"2025-06-17 06:32:39\",\"user_agent\":\"Mozilla\\/5.0 (Windows NT 10.0; Win64; x64) AppleWebKit\\/537.36 (KHTML, like Gecko) Chrome\\/137.0.0.0 Safari\\/537.36\",\"ip_address\":\"::1\"}');

-- --------------------------------------------------------

--
-- Table structure for table `attendance_grades`
--

CREATE TABLE `attendance_grades` (
  `id` int(11) NOT NULL,
  `student_id` int(11) NOT NULL,
  `course_id` int(11) NOT NULL,
  `term` varchar(50) NOT NULL,
  `section` varchar(50) NOT NULL,
  `attendance_rate` decimal(5,2) NOT NULL,
  `attendance_grade` decimal(3,2) NOT NULL,
  `last_updated` timestamp NOT NULL DEFAULT current_timestamp() ON UPDATE current_timestamp()
) ENGINE=InnoDB DEFAULT CHARSET=utf8mb4 COLLATE=utf8mb4_general_ci;

--
-- Dumping data for table `attendance_grades`
--

INSERT INTO `attendance_grades` (`id`, `student_id`, `course_id`, `term`, `section`, `attendance_rate`, `attendance_grade`, `last_updated`) VALUES
(1, 2, 1, '2nd Semester', '302', 100.00, 1.00, '2025-04-24 13:42:23'),
(2, 2, 2, '2nd Semester', '302', 100.00, 1.00, '2025-04-24 13:42:23'),
(3, 2, 3, '2nd Semester', '302', 100.00, 1.00, '2025-04-24 13:42:23'),
(4, 2, 4, '2nd Semester', '302', 100.00, 1.00, '2025-04-24 13:42:23'),
(5, 2, 5, '2nd Semester', '302', 100.00, 1.00, '2025-04-24 13:42:23'),
(6, 2, 6, '2nd Semester', '302', 100.00, 1.00, '2025-04-24 13:42:23'),
(7, 2, 7, '2nd Semester', '302', 100.00, 1.00, '2025-04-24 13:42:23'),
(8, 4, 1, '2nd Semester', '202', 100.00, 1.00, '2025-04-24 13:42:23'),
(9, 4, 2, '2nd Semester', '202', 100.00, 1.00, '2025-04-24 13:42:23'),
(10, 4, 3, '2nd Semester', '202', 100.00, 1.00, '2025-04-24 13:42:23'),
(11, 4, 4, '2nd Semester', '202', 100.00, 1.00, '2025-04-24 13:42:23'),
(12, 4, 5, '2nd Semester', '202', 100.00, 1.00, '2025-04-24 13:42:23'),
(13, 4, 6, '2nd Semester', '202', 100.00, 1.00, '2025-04-24 13:42:23'),
(14, 4, 7, '2nd Semester', '202', 100.00, 1.00, '2025-04-24 13:42:23'),
(15, 8, 1, '2nd Semester', '302', 100.00, 1.00, '2025-04-24 13:42:23'),
(16, 8, 2, '2nd Semester', '302', 100.00, 1.00, '2025-04-24 13:42:23'),
(17, 8, 3, '2nd Semester', '302', 100.00, 1.00, '2025-04-24 13:42:23'),
(18, 8, 4, '2nd Semester', '302', 100.00, 1.00, '2025-04-24 13:42:23'),
(19, 8, 5, '2nd Semester', '302', 100.00, 1.00, '2025-04-24 13:42:23'),
(20, 8, 6, '2nd Semester', '302', 100.00, 1.00, '2025-04-24 13:42:23'),
(21, 8, 7, '2nd Semester', '302', 100.00, 1.00, '2025-04-24 13:42:23'),
(22, 9, 1, '2nd Semester', '302', 100.00, 1.00, '2025-04-24 13:42:23'),
(23, 9, 2, '2nd Semester', '302', 100.00, 1.00, '2025-04-24 13:42:23'),
(24, 9, 3, '2nd Semester', '302', 100.00, 1.00, '2025-04-24 13:42:23'),
(25, 9, 4, '2nd Semester', '302', 100.00, 1.00, '2025-04-24 13:42:23'),
(26, 9, 5, '2nd Semester', '302', 100.00, 1.00, '2025-04-24 13:42:23'),
(27, 9, 6, '2nd Semester', '302', 100.00, 1.00, '2025-04-24 13:42:23'),
(28, 9, 7, '2nd Semester', '302', 100.00, 1.00, '2025-04-24 13:42:23'),
(29, 12, 1, '2nd Semester', '302', 100.00, 1.00, '2025-04-24 13:42:23'),
(30, 12, 2, '2nd Semester', '302', 100.00, 1.00, '2025-04-24 13:42:23'),
(31, 12, 3, '2nd Semester', '302', 100.00, 1.00, '2025-04-24 13:42:23'),
(32, 12, 4, '2nd Semester', '302', 100.00, 1.00, '2025-04-24 13:42:23'),
(33, 12, 5, '2nd Semester', '302', 100.00, 1.00, '2025-04-24 13:42:23'),
(34, 12, 6, '2nd Semester', '302', 100.00, 1.00, '2025-04-24 13:42:23'),
(35, 12, 7, '2nd Semester', '302', 100.00, 1.00, '2025-04-24 13:42:23'),
(36, 13, 1, '2nd Semester', '302', 100.00, 1.00, '2025-04-24 13:42:23'),
(37, 13, 2, '2nd Semester', '302', 100.00, 1.00, '2025-04-24 13:42:23'),
(38, 13, 3, '2nd Semester', '302', 100.00, 1.00, '2025-04-24 13:42:23'),
(39, 13, 4, '2nd Semester', '302', 100.00, 1.00, '2025-04-24 13:42:23'),
(40, 13, 5, '2nd Semester', '302', 100.00, 1.00, '2025-04-24 13:42:23'),
(41, 13, 6, '2nd Semester', '302', 100.00, 1.00, '2025-04-24 13:42:23'),
(42, 13, 7, '2nd Semester', '302', 100.00, 1.00, '2025-04-24 13:42:23'),
(43, 14, 1, '2nd Semester', '302', 100.00, 1.00, '2025-04-24 13:42:23'),
(44, 14, 2, '2nd Semester', '302', 100.00, 1.00, '2025-04-24 13:42:23'),
(45, 14, 3, '2nd Semester', '302', 100.00, 1.00, '2025-04-24 13:42:23'),
(46, 14, 4, '2nd Semester', '302', 100.00, 1.00, '2025-04-24 13:42:23'),
(47, 14, 5, '2nd Semester', '302', 100.00, 1.00, '2025-04-24 13:42:23'),
(48, 14, 6, '2nd Semester', '302', 100.00, 1.00, '2025-04-24 13:42:23'),
(49, 14, 7, '2nd Semester', '302', 100.00, 1.00, '2025-04-24 13:42:23'),
(65, 5, 7, '2nd Semester', '301', 100.00, 1.00, '2025-05-03 13:29:43'),
(66, 6, 7, '2nd Semester', '101', 100.00, 1.00, '2025-05-03 13:29:43'),
(67, 7, 7, '2nd Semester', '102', 100.00, 1.00, '2025-05-03 13:29:43'),
(68, 10, 7, '2nd Semester', '301', 100.00, 1.00, '2025-05-03 13:29:43'),
(69, 11, 7, '2nd Semester', '301', 100.00, 1.00, '2025-05-03 13:29:43'),
(70, 15, 7, '2nd Semester', '301', 100.00, 1.00, '2025-05-03 13:29:43'),
(71, 16, 7, '2nd Semester', '302', 0.00, 5.00, '2025-05-03 13:29:43'),
(72, 17, 7, '2nd Semester', '302', 0.00, 5.00, '2025-05-03 13:29:43'),
(73, 18, 7, '2nd Semester', '301', 100.00, 1.00, '2025-05-03 13:29:43'),
(74, 19, 7, '2nd Semester', '301', 100.00, 1.00, '2025-05-03 13:29:43'),
(75, 20, 7, '2nd Semester', '302', 0.00, 5.00, '2025-05-03 13:29:43'),
(76, 21, 7, '2nd Semester', '302', 0.00, 5.00, '2025-05-03 13:29:43');

-- --------------------------------------------------------

--
-- Table structure for table `attendance_logs`
--

CREATE TABLE `attendance_logs` (
  `id` int(11) NOT NULL,
  `session_id` int(11) NOT NULL,
  `student_id` int(11) NOT NULL,
  `scan_time` datetime NOT NULL,
  `created_at` timestamp NOT NULL DEFAULT current_timestamp()
) ENGINE=InnoDB DEFAULT CHARSET=utf8mb4 COLLATE=utf8mb4_general_ci;

--
-- Dumping data for table `attendance_logs`
--

INSERT INTO `attendance_logs` (`id`, `session_id`, `student_id`, `scan_time`, `created_at`) VALUES
(1, 4, 2, '2025-04-22 08:17:00', '2025-04-24 13:42:07'),
(2, 4, 8, '2025-04-22 08:28:00', '2025-04-24 13:42:07'),
(3, 4, 9, '2025-04-22 08:01:00', '2025-04-24 13:42:07'),
(4, 4, 12, '2025-04-22 08:10:00', '2025-04-24 13:42:07'),
(5, 4, 13, '2025-04-22 08:19:00', '2025-04-24 13:42:07'),
(6, 4, 14, '2025-04-22 08:05:00', '2025-04-24 13:42:07'),
(7, 5, 2, '2025-04-22 08:29:00', '2025-04-24 13:42:07'),
(8, 5, 8, '2025-04-22 08:11:00', '2025-04-24 13:42:07'),
(9, 5, 9, '2025-04-22 08:26:00', '2025-04-24 13:42:07'),
(10, 5, 12, '2025-04-22 08:10:00', '2025-04-24 13:42:07'),
(11, 5, 13, '2025-04-22 08:01:00', '2025-04-24 13:42:07'),
(12, 5, 14, '2025-04-22 08:06:00', '2025-04-24 13:42:07'),
(13, 6, 2, '2025-04-22 08:29:00', '2025-04-24 13:42:07'),
(14, 6, 8, '2025-04-22 08:04:00', '2025-04-24 13:42:07'),
(15, 6, 9, '2025-04-22 08:27:00', '2025-04-24 13:42:07'),
(16, 6, 12, '2025-04-22 08:02:00', '2025-04-24 13:42:07'),
(17, 6, 13, '2025-04-22 08:19:00', '2025-04-24 13:42:07'),
(18, 6, 14, '2025-04-22 08:02:00', '2025-04-24 13:42:07'),
(19, 7, 2, '2025-04-22 08:10:00', '2025-04-24 13:42:07'),
(20, 7, 8, '2025-04-22 08:18:00', '2025-04-24 13:42:07'),
(21, 7, 9, '2025-04-22 08:29:00', '2025-04-24 13:42:07'),
(22, 7, 12, '2025-04-22 08:00:00', '2025-04-24 13:42:07'),
(23, 7, 13, '2025-04-22 08:04:00', '2025-04-24 13:42:07'),
(24, 7, 14, '2025-04-22 08:22:00', '2025-04-24 13:42:07'),
(25, 8, 2, '2025-04-22 08:10:00', '2025-04-24 13:42:07'),
(26, 8, 8, '2025-04-22 08:11:00', '2025-04-24 13:42:07'),
(27, 8, 9, '2025-04-22 08:28:00', '2025-04-24 13:42:07'),
(28, 8, 12, '2025-04-22 08:18:00', '2025-04-24 13:42:07'),
(29, 8, 13, '2025-04-22 08:05:00', '2025-04-24 13:42:07'),
(30, 8, 14, '2025-04-22 08:01:00', '2025-04-24 13:42:07'),
(31, 9, 2, '2025-04-22 08:20:00', '2025-04-24 13:42:07'),
(32, 9, 8, '2025-04-22 08:08:00', '2025-04-24 13:42:07'),
(33, 9, 9, '2025-04-22 08:11:00', '2025-04-24 13:42:07'),
(34, 9, 12, '2025-04-22 08:01:00', '2025-04-24 13:42:07'),
(35, 9, 13, '2025-04-22 08:01:00', '2025-04-24 13:42:07'),
(36, 9, 14, '2025-04-22 08:04:00', '2025-04-24 13:42:07'),
(37, 10, 2, '2025-04-22 08:19:00', '2025-04-24 13:42:07'),
(38, 10, 8, '2025-04-22 08:23:00', '2025-04-24 13:42:07'),
(39, 10, 9, '2025-04-22 08:26:00', '2025-04-24 13:42:07'),
(40, 10, 12, '2025-04-22 08:03:00', '2025-04-24 13:42:07'),
(41, 10, 13, '2025-04-22 08:28:00', '2025-04-24 13:42:07'),
(42, 10, 14, '2025-04-22 08:10:00', '2025-04-24 13:42:07'),
(43, 11, 2, '2025-04-20 08:26:00', '2025-04-24 13:42:07'),
(44, 11, 8, '2025-04-20 08:13:00', '2025-04-24 13:42:07'),
(45, 11, 9, '2025-04-20 08:16:00', '2025-04-24 13:42:07'),
(46, 11, 12, '2025-04-20 08:13:00', '2025-04-24 13:42:07'),
(47, 11, 13, '2025-04-20 08:15:00', '2025-04-24 13:42:07'),
(48, 11, 14, '2025-04-20 08:08:00', '2025-04-24 13:42:07'),
(49, 12, 2, '2025-04-20 08:26:00', '2025-04-24 13:42:07'),
(50, 12, 8, '2025-04-20 08:16:00', '2025-04-24 13:42:07'),
(51, 12, 9, '2025-04-20 08:04:00', '2025-04-24 13:42:07'),
(52, 12, 12, '2025-04-20 08:03:00', '2025-04-24 13:42:07'),
(53, 12, 13, '2025-04-20 08:01:00', '2025-04-24 13:42:07'),
(54, 12, 14, '2025-04-20 08:29:00', '2025-04-24 13:42:07'),
(55, 13, 2, '2025-04-20 08:20:00', '2025-04-24 13:42:07'),
(56, 13, 8, '2025-04-20 08:14:00', '2025-04-24 13:42:07'),
(57, 13, 9, '2025-04-20 08:09:00', '2025-04-24 13:42:07'),
(58, 13, 12, '2025-04-20 08:06:00', '2025-04-24 13:42:07'),
(59, 13, 13, '2025-04-20 08:05:00', '2025-04-24 13:42:07'),
(60, 13, 14, '2025-04-20 08:04:00', '2025-04-24 13:42:07'),
(61, 14, 2, '2025-04-20 08:08:00', '2025-04-24 13:42:07'),
(62, 14, 8, '2025-04-20 08:27:00', '2025-04-24 13:42:07'),
(63, 14, 9, '2025-04-20 08:21:00', '2025-04-24 13:42:07'),
(64, 14, 12, '2025-04-20 08:25:00', '2025-04-24 13:42:07'),
(65, 14, 13, '2025-04-20 08:04:00', '2025-04-24 13:42:07'),
(66, 14, 14, '2025-04-20 08:05:00', '2025-04-24 13:42:07'),
(67, 15, 2, '2025-04-20 08:14:00', '2025-04-24 13:42:07'),
(68, 15, 8, '2025-04-20 08:26:00', '2025-04-24 13:42:07'),
(69, 15, 9, '2025-04-20 08:27:00', '2025-04-24 13:42:07'),
(70, 15, 12, '2025-04-20 08:00:00', '2025-04-24 13:42:07'),
(71, 15, 13, '2025-04-20 08:08:00', '2025-04-24 13:42:07'),
(72, 15, 14, '2025-04-20 08:13:00', '2025-04-24 13:42:07'),
(73, 16, 2, '2025-04-20 08:08:00', '2025-04-24 13:42:07'),
(74, 16, 8, '2025-04-20 08:03:00', '2025-04-24 13:42:07'),
(75, 16, 9, '2025-04-20 08:22:00', '2025-04-24 13:42:07'),
(76, 16, 12, '2025-04-20 08:13:00', '2025-04-24 13:42:07'),
(77, 16, 13, '2025-04-20 08:27:00', '2025-04-24 13:42:07'),
(78, 16, 14, '2025-04-20 08:07:00', '2025-04-24 13:42:07'),
(79, 17, 2, '2025-04-20 08:13:00', '2025-04-24 13:42:07'),
(80, 17, 8, '2025-04-20 08:17:00', '2025-04-24 13:42:07'),
(81, 17, 9, '2025-04-20 08:16:00', '2025-04-24 13:42:07'),
(82, 17, 12, '2025-04-20 08:00:00', '2025-04-24 13:42:07'),
(83, 17, 13, '2025-04-20 08:14:00', '2025-04-24 13:42:07'),
(84, 17, 14, '2025-04-20 08:08:00', '2025-04-24 13:42:07'),
(85, 18, 2, '2025-04-19 08:01:00', '2025-04-24 13:42:07'),
(86, 18, 8, '2025-04-19 08:10:00', '2025-04-24 13:42:07'),
(87, 18, 9, '2025-04-19 08:19:00', '2025-04-24 13:42:07'),
(88, 18, 12, '2025-04-19 08:05:00', '2025-04-24 13:42:07'),
(89, 18, 13, '2025-04-19 08:00:00', '2025-04-24 13:42:07'),
(90, 18, 14, '2025-04-19 08:14:00', '2025-04-24 13:42:07'),
(91, 19, 2, '2025-04-19 08:12:00', '2025-04-24 13:42:07'),
(92, 19, 8, '2025-04-19 08:19:00', '2025-04-24 13:42:07'),
(93, 19, 9, '2025-04-19 08:28:00', '2025-04-24 13:42:07'),
(94, 19, 12, '2025-04-19 08:24:00', '2025-04-24 13:42:07'),
(95, 19, 13, '2025-04-19 08:05:00', '2025-04-24 13:42:07'),
(96, 19, 14, '2025-04-19 08:14:00', '2025-04-24 13:42:07'),
(97, 20, 2, '2025-04-19 08:24:00', '2025-04-24 13:42:07'),
(98, 20, 8, '2025-04-19 08:20:00', '2025-04-24 13:42:07'),
(99, 20, 9, '2025-04-19 08:27:00', '2025-04-24 13:42:07'),
(100, 20, 12, '2025-04-19 08:18:00', '2025-04-24 13:42:07'),
(101, 20, 13, '2025-04-19 08:09:00', '2025-04-24 13:42:07'),
(102, 20, 14, '2025-04-19 08:21:00', '2025-04-24 13:42:07'),
(103, 21, 2, '2025-04-19 08:18:00', '2025-04-24 13:42:07'),
(104, 21, 8, '2025-04-19 08:28:00', '2025-04-24 13:42:07'),
(105, 21, 9, '2025-04-19 08:26:00', '2025-04-24 13:42:07'),
(106, 21, 12, '2025-04-19 08:15:00', '2025-04-24 13:42:07'),
(107, 21, 13, '2025-04-19 08:29:00', '2025-04-24 13:42:07'),
(108, 21, 14, '2025-04-19 08:09:00', '2025-04-24 13:42:07'),
(109, 22, 2, '2025-04-19 08:20:00', '2025-04-24 13:42:07'),
(110, 22, 8, '2025-04-19 08:15:00', '2025-04-24 13:42:07'),
(111, 22, 9, '2025-04-19 08:13:00', '2025-04-24 13:42:07'),
(112, 22, 12, '2025-04-19 08:19:00', '2025-04-24 13:42:07'),
(113, 22, 13, '2025-04-19 08:29:00', '2025-04-24 13:42:07'),
(114, 22, 14, '2025-04-19 08:00:00', '2025-04-24 13:42:07'),
(115, 23, 2, '2025-04-19 08:02:00', '2025-04-24 13:42:07'),
(116, 23, 8, '2025-04-19 08:11:00', '2025-04-24 13:42:07'),
(117, 23, 9, '2025-04-19 08:20:00', '2025-04-24 13:42:07'),
(118, 23, 12, '2025-04-19 08:05:00', '2025-04-24 13:42:07'),
(119, 23, 13, '2025-04-19 08:27:00', '2025-04-24 13:42:07'),
(120, 23, 14, '2025-04-19 08:28:00', '2025-04-24 13:42:07'),
(121, 24, 2, '2025-04-19 08:02:00', '2025-04-24 13:42:07'),
(122, 24, 8, '2025-04-19 08:17:00', '2025-04-24 13:42:07'),
(123, 24, 9, '2025-04-19 08:20:00', '2025-04-24 13:42:07'),
(124, 24, 12, '2025-04-19 08:18:00', '2025-04-24 13:42:07'),
(125, 24, 13, '2025-04-19 08:29:00', '2025-04-24 13:42:07'),
(126, 24, 14, '2025-04-19 08:03:00', '2025-04-24 13:42:07'),
(127, 25, 2, '2025-04-18 08:18:00', '2025-04-24 13:42:07'),
(128, 25, 8, '2025-04-18 08:23:00', '2025-04-24 13:42:07'),
(129, 25, 9, '2025-04-18 08:29:00', '2025-04-24 13:42:07'),
(130, 25, 12, '2025-04-18 08:18:00', '2025-04-24 13:42:07'),
(131, 25, 13, '2025-04-18 08:04:00', '2025-04-24 13:42:07'),
(132, 25, 14, '2025-04-18 08:25:00', '2025-04-24 13:42:07'),
(133, 26, 2, '2025-04-18 08:24:00', '2025-04-24 13:42:07'),
(134, 26, 8, '2025-04-18 08:17:00', '2025-04-24 13:42:07'),
(135, 26, 9, '2025-04-18 08:11:00', '2025-04-24 13:42:07'),
(136, 26, 12, '2025-04-18 08:05:00', '2025-04-24 13:42:07'),
(137, 26, 13, '2025-04-18 08:24:00', '2025-04-24 13:42:07'),
(138, 26, 14, '2025-04-18 08:13:00', '2025-04-24 13:42:07'),
(139, 27, 2, '2025-04-18 08:25:00', '2025-04-24 13:42:07'),
(140, 27, 8, '2025-04-18 08:24:00', '2025-04-24 13:42:07'),
(141, 27, 9, '2025-04-18 08:19:00', '2025-04-24 13:42:07'),
(142, 27, 12, '2025-04-18 08:21:00', '2025-04-24 13:42:07'),
(143, 27, 13, '2025-04-18 08:17:00', '2025-04-24 13:42:07'),
(144, 27, 14, '2025-04-18 08:25:00', '2025-04-24 13:42:07'),
(145, 28, 2, '2025-04-18 08:15:00', '2025-04-24 13:42:07'),
(146, 28, 8, '2025-04-18 08:01:00', '2025-04-24 13:42:07'),
(147, 28, 9, '2025-04-18 08:20:00', '2025-04-24 13:42:07'),
(148, 28, 12, '2025-04-18 08:09:00', '2025-04-24 13:42:07'),
(149, 28, 13, '2025-04-18 08:15:00', '2025-04-24 13:42:07'),
(150, 28, 14, '2025-04-18 08:17:00', '2025-04-24 13:42:07'),
(151, 29, 2, '2025-04-18 08:11:00', '2025-04-24 13:42:07'),
(152, 29, 8, '2025-04-18 08:06:00', '2025-04-24 13:42:07'),
(153, 29, 9, '2025-04-18 08:27:00', '2025-04-24 13:42:07'),
(154, 29, 12, '2025-04-18 08:28:00', '2025-04-24 13:42:07'),
(155, 29, 13, '2025-04-18 08:27:00', '2025-04-24 13:42:07'),
(156, 29, 14, '2025-04-18 08:24:00', '2025-04-24 13:42:07'),
(157, 30, 2, '2025-04-18 08:10:00', '2025-04-24 13:42:07'),
(158, 30, 8, '2025-04-18 08:07:00', '2025-04-24 13:42:07'),
(159, 30, 9, '2025-04-18 08:08:00', '2025-04-24 13:42:07'),
(160, 30, 12, '2025-04-18 08:17:00', '2025-04-24 13:42:07'),
(161, 30, 13, '2025-04-18 08:04:00', '2025-04-24 13:42:07'),
(162, 30, 14, '2025-04-18 08:29:00', '2025-04-24 13:42:07'),
(163, 31, 2, '2025-04-18 08:14:00', '2025-04-24 13:42:07'),
(164, 31, 8, '2025-04-18 08:14:00', '2025-04-24 13:42:07'),
(165, 31, 9, '2025-04-18 08:00:00', '2025-04-24 13:42:07'),
(166, 31, 12, '2025-04-18 08:15:00', '2025-04-24 13:42:07'),
(167, 31, 13, '2025-04-18 08:17:00', '2025-04-24 13:42:07'),
(168, 31, 14, '2025-04-18 08:10:00', '2025-04-24 13:42:07'),
(169, 32, 2, '2025-04-17 08:00:00', '2025-04-24 13:42:07'),
(170, 32, 8, '2025-04-17 08:29:00', '2025-04-24 13:42:07'),
(171, 32, 9, '2025-04-17 08:28:00', '2025-04-24 13:42:07'),
(172, 32, 12, '2025-04-17 08:22:00', '2025-04-24 13:42:07'),
(173, 32, 13, '2025-04-17 08:26:00', '2025-04-24 13:42:07'),
(174, 32, 14, '2025-04-17 08:05:00', '2025-04-24 13:42:07'),
(175, 33, 2, '2025-04-17 08:07:00', '2025-04-24 13:42:07'),
(176, 33, 8, '2025-04-17 08:22:00', '2025-04-24 13:42:07'),
(177, 33, 9, '2025-04-17 08:29:00', '2025-04-24 13:42:07'),
(178, 33, 12, '2025-04-17 08:18:00', '2025-04-24 13:42:07'),
(179, 33, 13, '2025-04-17 08:02:00', '2025-04-24 13:42:07'),
(180, 33, 14, '2025-04-17 08:20:00', '2025-04-24 13:42:07'),
(181, 34, 2, '2025-04-17 08:03:00', '2025-04-24 13:42:07'),
(182, 34, 8, '2025-04-17 08:14:00', '2025-04-24 13:42:07'),
(183, 34, 9, '2025-04-17 08:04:00', '2025-04-24 13:42:07'),
(184, 34, 12, '2025-04-17 08:09:00', '2025-04-24 13:42:07'),
(185, 34, 13, '2025-04-17 08:00:00', '2025-04-24 13:42:07'),
(186, 34, 14, '2025-04-17 08:07:00', '2025-04-24 13:42:07'),
(187, 35, 2, '2025-04-17 08:04:00', '2025-04-24 13:42:07'),
(188, 35, 8, '2025-04-17 08:00:00', '2025-04-24 13:42:07'),
(189, 35, 9, '2025-04-17 08:16:00', '2025-04-24 13:42:07'),
(190, 35, 12, '2025-04-17 08:23:00', '2025-04-24 13:42:07'),
(191, 35, 13, '2025-04-17 08:06:00', '2025-04-24 13:42:07'),
(192, 35, 14, '2025-04-17 08:21:00', '2025-04-24 13:42:07'),
(193, 36, 2, '2025-04-17 08:26:00', '2025-04-24 13:42:07'),
(194, 36, 8, '2025-04-17 08:11:00', '2025-04-24 13:42:07'),
(195, 36, 9, '2025-04-17 08:06:00', '2025-04-24 13:42:07'),
(196, 36, 12, '2025-04-17 08:29:00', '2025-04-24 13:42:07'),
(197, 36, 13, '2025-04-17 08:07:00', '2025-04-24 13:42:07'),
(198, 36, 14, '2025-04-17 08:09:00', '2025-04-24 13:42:07'),
(199, 37, 2, '2025-04-17 08:22:00', '2025-04-24 13:42:07'),
(200, 37, 8, '2025-04-17 08:26:00', '2025-04-24 13:42:07'),
(201, 37, 9, '2025-04-17 08:02:00', '2025-04-24 13:42:07'),
(202, 37, 12, '2025-04-17 08:23:00', '2025-04-24 13:42:07'),
(203, 37, 13, '2025-04-17 08:19:00', '2025-04-24 13:42:07'),
(204, 37, 14, '2025-04-17 08:26:00', '2025-04-24 13:42:07'),
(205, 38, 2, '2025-04-17 08:16:00', '2025-04-24 13:42:07'),
(206, 38, 8, '2025-04-17 08:02:00', '2025-04-24 13:42:07'),
(207, 38, 9, '2025-04-17 08:22:00', '2025-04-24 13:42:07'),
(208, 38, 12, '2025-04-17 08:12:00', '2025-04-24 13:42:07'),
(209, 38, 13, '2025-04-17 08:28:00', '2025-04-24 13:42:07'),
(210, 38, 14, '2025-04-17 08:15:00', '2025-04-24 13:42:07'),
(211, 39, 2, '2025-04-16 08:19:00', '2025-04-24 13:42:07'),
(212, 39, 8, '2025-04-16 08:20:00', '2025-04-24 13:42:07'),
(213, 39, 9, '2025-04-16 08:13:00', '2025-04-24 13:42:07'),
(214, 39, 12, '2025-04-16 08:07:00', '2025-04-24 13:42:07'),
(215, 39, 13, '2025-04-16 08:27:00', '2025-04-24 13:42:07'),
(216, 39, 14, '2025-04-16 08:24:00', '2025-04-24 13:42:07'),
(217, 40, 2, '2025-04-16 08:08:00', '2025-04-24 13:42:07'),
(218, 40, 8, '2025-04-16 08:01:00', '2025-04-24 13:42:07'),
(219, 40, 9, '2025-04-16 08:10:00', '2025-04-24 13:42:07'),
(220, 40, 12, '2025-04-16 08:20:00', '2025-04-24 13:42:07'),
(221, 40, 13, '2025-04-16 08:07:00', '2025-04-24 13:42:07'),
(222, 40, 14, '2025-04-16 08:07:00', '2025-04-24 13:42:07'),
(223, 41, 2, '2025-04-16 08:15:00', '2025-04-24 13:42:07'),
(224, 41, 8, '2025-04-16 08:22:00', '2025-04-24 13:42:07'),
(225, 41, 9, '2025-04-16 08:09:00', '2025-04-24 13:42:07'),
(226, 41, 12, '2025-04-16 08:06:00', '2025-04-24 13:42:07'),
(227, 41, 13, '2025-04-16 08:05:00', '2025-04-24 13:42:07'),
(228, 41, 14, '2025-04-16 08:06:00', '2025-04-24 13:42:07'),
(229, 42, 2, '2025-04-16 08:18:00', '2025-04-24 13:42:07'),
(230, 42, 8, '2025-04-16 08:11:00', '2025-04-24 13:42:07'),
(231, 42, 9, '2025-04-16 08:02:00', '2025-04-24 13:42:07'),
(232, 42, 12, '2025-04-16 08:08:00', '2025-04-24 13:42:07'),
(233, 42, 13, '2025-04-16 08:03:00', '2025-04-24 13:42:07'),
(234, 42, 14, '2025-04-16 08:23:00', '2025-04-24 13:42:07'),
(235, 43, 2, '2025-04-16 08:17:00', '2025-04-24 13:42:07'),
(236, 43, 8, '2025-04-16 08:18:00', '2025-04-24 13:42:07'),
(237, 43, 9, '2025-04-16 08:07:00', '2025-04-24 13:42:07'),
(238, 43, 12, '2025-04-16 08:11:00', '2025-04-24 13:42:07'),
(239, 43, 13, '2025-04-16 08:06:00', '2025-04-24 13:42:07'),
(240, 43, 14, '2025-04-16 08:26:00', '2025-04-24 13:42:07'),
(241, 44, 2, '2025-04-16 08:24:00', '2025-04-24 13:42:07'),
(242, 44, 8, '2025-04-16 08:11:00', '2025-04-24 13:42:07'),
(243, 44, 9, '2025-04-16 08:13:00', '2025-04-24 13:42:07'),
(244, 44, 12, '2025-04-16 08:04:00', '2025-04-24 13:42:07'),
(245, 44, 13, '2025-04-16 08:12:00', '2025-04-24 13:42:07'),
(246, 44, 14, '2025-04-16 08:19:00', '2025-04-24 13:42:07'),
(247, 45, 2, '2025-04-16 08:27:00', '2025-04-24 13:42:07'),
(248, 45, 8, '2025-04-16 08:20:00', '2025-04-24 13:42:07'),
(249, 45, 9, '2025-04-16 08:19:00', '2025-04-24 13:42:07'),
(250, 45, 12, '2025-04-16 08:07:00', '2025-04-24 13:42:07'),
(251, 45, 13, '2025-04-16 08:09:00', '2025-04-24 13:42:07'),
(252, 45, 14, '2025-04-16 08:22:00', '2025-04-24 13:42:07'),
(253, 46, 2, '2025-04-15 08:26:00', '2025-04-24 13:42:07'),
(254, 46, 8, '2025-04-15 08:04:00', '2025-04-24 13:42:07'),
(255, 46, 9, '2025-04-15 08:03:00', '2025-04-24 13:42:07'),
(256, 46, 12, '2025-04-15 08:04:00', '2025-04-24 13:42:07'),
(257, 46, 13, '2025-04-15 08:11:00', '2025-04-24 13:42:07'),
(258, 46, 14, '2025-04-15 08:13:00', '2025-04-24 13:42:07'),
(259, 47, 2, '2025-04-15 08:03:00', '2025-04-24 13:42:07'),
(260, 47, 8, '2025-04-15 08:08:00', '2025-04-24 13:42:07'),
(261, 47, 9, '2025-04-15 08:01:00', '2025-04-24 13:42:07'),
(262, 47, 12, '2025-04-15 08:12:00', '2025-04-24 13:42:07'),
(263, 47, 13, '2025-04-15 08:25:00', '2025-04-24 13:42:07'),
(264, 47, 14, '2025-04-15 08:01:00', '2025-04-24 13:42:07'),
(265, 48, 2, '2025-04-15 08:19:00', '2025-04-24 13:42:07'),
(266, 48, 8, '2025-04-15 08:02:00', '2025-04-24 13:42:07'),
(267, 48, 9, '2025-04-15 08:16:00', '2025-04-24 13:42:07'),
(268, 48, 12, '2025-04-15 08:15:00', '2025-04-24 13:42:07'),
(269, 48, 13, '2025-04-15 08:25:00', '2025-04-24 13:42:07'),
(270, 48, 14, '2025-04-15 08:22:00', '2025-04-24 13:42:07'),
(271, 49, 2, '2025-04-15 08:03:00', '2025-04-24 13:42:07'),
(272, 49, 8, '2025-04-15 08:11:00', '2025-04-24 13:42:07'),
(273, 49, 9, '2025-04-15 08:17:00', '2025-04-24 13:42:07'),
(274, 49, 12, '2025-04-15 08:20:00', '2025-04-24 13:42:07'),
(275, 49, 13, '2025-04-15 08:22:00', '2025-04-24 13:42:07'),
(276, 49, 14, '2025-04-15 08:20:00', '2025-04-24 13:42:07'),
(277, 50, 2, '2025-04-15 08:06:00', '2025-04-24 13:42:07'),
(278, 50, 8, '2025-04-15 08:00:00', '2025-04-24 13:42:07'),
(279, 50, 9, '2025-04-15 08:13:00', '2025-04-24 13:42:07'),
(280, 50, 12, '2025-04-15 08:06:00', '2025-04-24 13:42:07'),
(281, 50, 13, '2025-04-15 08:21:00', '2025-04-24 13:42:07'),
(282, 50, 14, '2025-04-15 08:29:00', '2025-04-24 13:42:07'),
(283, 51, 2, '2025-04-15 08:22:00', '2025-04-24 13:42:07'),
(284, 51, 8, '2025-04-15 08:21:00', '2025-04-24 13:42:07'),
(285, 51, 9, '2025-04-15 08:12:00', '2025-04-24 13:42:07'),
(286, 51, 12, '2025-04-15 08:28:00', '2025-04-24 13:42:07'),
(287, 51, 13, '2025-04-15 08:12:00', '2025-04-24 13:42:07'),
(288, 51, 14, '2025-04-15 08:08:00', '2025-04-24 13:42:07'),
(289, 52, 2, '2025-04-15 08:05:00', '2025-04-24 13:42:07'),
(290, 52, 8, '2025-04-15 08:01:00', '2025-04-24 13:42:07'),
(291, 52, 9, '2025-04-15 08:19:00', '2025-04-24 13:42:07'),
(292, 52, 12, '2025-04-15 08:03:00', '2025-04-24 13:42:07'),
(293, 52, 13, '2025-04-15 08:21:00', '2025-04-24 13:42:07'),
(294, 52, 14, '2025-04-15 08:05:00', '2025-04-24 13:42:07'),
(295, 53, 2, '2025-04-24 08:20:00', '2025-04-24 13:42:07'),
(296, 53, 8, '2025-04-24 08:29:00', '2025-04-24 13:42:07'),
(297, 53, 9, '2025-04-24 08:25:00', '2025-04-24 13:42:07'),
(298, 53, 12, '2025-04-24 08:10:00', '2025-04-24 13:42:07'),
(299, 53, 13, '2025-04-24 08:05:00', '2025-04-24 13:42:07'),
(300, 53, 14, '2025-04-24 08:23:00', '2025-04-24 13:42:07'),
(301, 54, 2, '2025-04-24 08:12:00', '2025-04-24 13:42:07'),
(302, 54, 8, '2025-04-24 08:20:00', '2025-04-24 13:42:07'),
(303, 54, 9, '2025-04-24 08:07:00', '2025-04-24 13:42:07'),
(304, 54, 12, '2025-04-24 08:04:00', '2025-04-24 13:42:07'),
(305, 54, 13, '2025-04-24 08:01:00', '2025-04-24 13:42:07'),
(306, 54, 14, '2025-04-24 08:22:00', '2025-04-24 13:42:07'),
(307, 55, 2, '2025-04-24 08:17:00', '2025-04-24 13:42:07'),
(308, 55, 8, '2025-04-24 08:19:00', '2025-04-24 13:42:07'),
(309, 55, 9, '2025-04-24 08:16:00', '2025-04-24 13:42:07'),
(310, 55, 12, '2025-04-24 08:24:00', '2025-04-24 13:42:07'),
(311, 55, 13, '2025-04-24 08:12:00', '2025-04-24 13:42:07'),
(312, 55, 14, '2025-04-24 08:19:00', '2025-04-24 13:42:07'),
(313, 56, 2, '2025-04-24 08:00:00', '2025-04-24 13:42:07'),
(314, 56, 8, '2025-04-24 08:02:00', '2025-04-24 13:42:07'),
(315, 56, 9, '2025-04-24 08:10:00', '2025-04-24 13:42:07'),
(316, 56, 12, '2025-04-24 08:14:00', '2025-04-24 13:42:07'),
(317, 56, 13, '2025-04-24 08:13:00', '2025-04-24 13:42:07'),
(318, 56, 14, '2025-04-24 08:22:00', '2025-04-24 13:42:07'),
(319, 57, 2, '2025-04-24 08:13:00', '2025-04-24 13:42:07'),
(320, 57, 8, '2025-04-24 08:28:00', '2025-04-24 13:42:07'),
(321, 57, 9, '2025-04-24 08:11:00', '2025-04-24 13:42:07'),
(322, 57, 12, '2025-04-24 08:04:00', '2025-04-24 13:42:07'),
(323, 57, 13, '2025-04-24 08:15:00', '2025-04-24 13:42:07'),
(324, 57, 14, '2025-04-24 08:04:00', '2025-04-24 13:42:07'),
(325, 58, 2, '2025-04-24 08:05:00', '2025-04-24 13:42:07'),
(326, 58, 8, '2025-04-24 08:13:00', '2025-04-24 13:42:07'),
(327, 58, 9, '2025-04-24 08:23:00', '2025-04-24 13:42:07'),
(328, 58, 12, '2025-04-24 08:15:00', '2025-04-24 13:42:07'),
(329, 58, 13, '2025-04-24 08:06:00', '2025-04-24 13:42:07'),
(330, 58, 14, '2025-04-24 08:18:00', '2025-04-24 13:42:07'),
(331, 59, 2, '2025-04-24 08:11:00', '2025-04-24 13:42:07'),
(332, 59, 8, '2025-04-24 08:00:00', '2025-04-24 13:42:07'),
(333, 59, 9, '2025-04-24 08:29:00', '2025-04-24 13:42:07'),
(334, 59, 12, '2025-04-24 08:25:00', '2025-04-24 13:42:07'),
(335, 59, 13, '2025-04-24 08:10:00', '2025-04-24 13:42:07'),
(336, 59, 14, '2025-04-24 08:03:00', '2025-04-24 13:42:07'),
(337, 60, 2, '2025-04-23 08:15:00', '2025-04-24 13:42:07'),
(338, 60, 8, '2025-04-23 08:07:00', '2025-04-24 13:42:07'),
(339, 60, 9, '2025-04-23 08:21:00', '2025-04-24 13:42:07'),
(340, 60, 12, '2025-04-23 08:25:00', '2025-04-24 13:42:07'),
(341, 60, 13, '2025-04-23 08:01:00', '2025-04-24 13:42:07'),
(342, 60, 14, '2025-04-23 08:21:00', '2025-04-24 13:42:07'),
(343, 61, 2, '2025-04-23 08:13:00', '2025-04-24 13:42:07'),
(344, 61, 8, '2025-04-23 08:00:00', '2025-04-24 13:42:07'),
(345, 61, 9, '2025-04-23 08:24:00', '2025-04-24 13:42:07'),
(346, 61, 12, '2025-04-23 08:01:00', '2025-04-24 13:42:07'),
(347, 61, 13, '2025-04-23 08:21:00', '2025-04-24 13:42:07'),
(348, 61, 14, '2025-04-23 08:15:00', '2025-04-24 13:42:07'),
(349, 62, 2, '2025-04-23 08:14:00', '2025-04-24 13:42:07'),
(350, 62, 8, '2025-04-23 08:22:00', '2025-04-24 13:42:07'),
(351, 62, 9, '2025-04-23 08:10:00', '2025-04-24 13:42:07'),
(352, 62, 12, '2025-04-23 08:12:00', '2025-04-24 13:42:07'),
(353, 62, 13, '2025-04-23 08:04:00', '2025-04-24 13:42:07'),
(354, 62, 14, '2025-04-23 08:13:00', '2025-04-24 13:42:07'),
(355, 63, 2, '2025-04-23 08:24:00', '2025-04-24 13:42:07'),
(356, 63, 8, '2025-04-23 08:20:00', '2025-04-24 13:42:07'),
(357, 63, 9, '2025-04-23 08:01:00', '2025-04-24 13:42:07'),
(358, 63, 12, '2025-04-23 08:05:00', '2025-04-24 13:42:07'),
(359, 63, 13, '2025-04-23 08:21:00', '2025-04-24 13:42:07'),
(360, 63, 14, '2025-04-23 08:29:00', '2025-04-24 13:42:07'),
(361, 64, 2, '2025-04-23 08:25:00', '2025-04-24 13:42:07'),
(362, 64, 8, '2025-04-23 08:07:00', '2025-04-24 13:42:07'),
(363, 64, 9, '2025-04-23 08:22:00', '2025-04-24 13:42:07'),
(364, 64, 12, '2025-04-23 08:01:00', '2025-04-24 13:42:07'),
(365, 64, 13, '2025-04-23 08:27:00', '2025-04-24 13:42:07'),
(366, 64, 14, '2025-04-23 08:13:00', '2025-04-24 13:42:07'),
(367, 65, 2, '2025-04-23 08:13:00', '2025-04-24 13:42:07'),
(368, 65, 8, '2025-04-23 08:28:00', '2025-04-24 13:42:07'),
(369, 65, 9, '2025-04-23 08:12:00', '2025-04-24 13:42:07'),
(370, 65, 12, '2025-04-23 08:06:00', '2025-04-24 13:42:07'),
(371, 65, 13, '2025-04-23 08:24:00', '2025-04-24 13:42:07'),
(372, 65, 14, '2025-04-23 08:12:00', '2025-04-24 13:42:07'),
(373, 66, 2, '2025-04-23 08:19:00', '2025-04-24 13:42:07'),
(374, 66, 8, '2025-04-23 08:00:00', '2025-04-24 13:42:07'),
(375, 66, 9, '2025-04-23 08:01:00', '2025-04-24 13:42:07'),
(376, 66, 12, '2025-04-23 08:09:00', '2025-04-24 13:42:07'),
(377, 66, 13, '2025-04-23 08:11:00', '2025-04-24 13:42:07'),
(378, 66, 14, '2025-04-23 08:29:00', '2025-04-24 13:42:07'),
(379, 67, 2, '2025-04-22 08:20:00', '2025-04-24 13:42:07'),
(380, 67, 8, '2025-04-22 08:17:00', '2025-04-24 13:42:07'),
(381, 67, 9, '2025-04-22 08:24:00', '2025-04-24 13:42:07'),
(382, 67, 12, '2025-04-22 08:09:00', '2025-04-24 13:42:07'),
(383, 67, 13, '2025-04-22 08:04:00', '2025-04-24 13:42:07'),
(384, 67, 14, '2025-04-22 08:23:00', '2025-04-24 13:42:07'),
(385, 68, 2, '2025-04-22 08:12:00', '2025-04-24 13:42:07'),
(386, 68, 8, '2025-04-22 08:22:00', '2025-04-24 13:42:07'),
(387, 68, 9, '2025-04-22 08:13:00', '2025-04-24 13:42:07'),
(388, 68, 12, '2025-04-22 08:01:00', '2025-04-24 13:42:07'),
(389, 68, 13, '2025-04-22 08:28:00', '2025-04-24 13:42:07'),
(390, 68, 14, '2025-04-22 08:18:00', '2025-04-24 13:42:07'),
(391, 69, 2, '2025-04-22 08:04:00', '2025-04-24 13:42:07'),
(392, 69, 8, '2025-04-22 08:25:00', '2025-04-24 13:42:07'),
(393, 69, 9, '2025-04-22 08:27:00', '2025-04-24 13:42:07'),
(394, 69, 12, '2025-04-22 08:28:00', '2025-04-24 13:42:07'),
(395, 69, 13, '2025-04-22 08:01:00', '2025-04-24 13:42:07'),
(396, 69, 14, '2025-04-22 08:10:00', '2025-04-24 13:42:07'),
(397, 70, 2, '2025-04-22 08:17:00', '2025-04-24 13:42:07'),
(398, 70, 8, '2025-04-22 08:26:00', '2025-04-24 13:42:07'),
(399, 70, 9, '2025-04-22 08:21:00', '2025-04-24 13:42:07'),
(400, 70, 12, '2025-04-22 08:28:00', '2025-04-24 13:42:07'),
(401, 70, 13, '2025-04-22 08:17:00', '2025-04-24 13:42:07'),
(402, 70, 14, '2025-04-22 08:01:00', '2025-04-24 13:42:07'),
(403, 71, 2, '2025-04-22 08:16:00', '2025-04-24 13:42:07'),
(404, 71, 8, '2025-04-22 08:15:00', '2025-04-24 13:42:07'),
(405, 71, 9, '2025-04-22 08:27:00', '2025-04-24 13:42:07'),
(406, 71, 12, '2025-04-22 08:00:00', '2025-04-24 13:42:07'),
(407, 71, 13, '2025-04-22 08:10:00', '2025-04-24 13:42:07'),
(408, 71, 14, '2025-04-22 08:22:00', '2025-04-24 13:42:07'),
(409, 72, 4, '2025-04-22 08:21:00', '2025-04-24 13:42:07'),
(410, 73, 4, '2025-04-22 08:09:00', '2025-04-24 13:42:07'),
(411, 74, 4, '2025-04-22 08:10:00', '2025-04-24 13:42:07'),
(412, 75, 4, '2025-04-22 08:25:00', '2025-04-24 13:42:07'),
(413, 76, 4, '2025-04-22 08:08:00', '2025-04-24 13:42:07'),
(414, 77, 4, '2025-04-22 08:22:00', '2025-04-24 13:42:07'),
(415, 78, 4, '2025-04-22 08:28:00', '2025-04-24 13:42:07'),
(416, 79, 4, '2025-04-20 08:14:00', '2025-04-24 13:42:07'),
(417, 80, 4, '2025-04-20 08:19:00', '2025-04-24 13:42:07'),
(418, 81, 4, '2025-04-20 08:21:00', '2025-04-24 13:42:07'),
(419, 82, 4, '2025-04-20 08:17:00', '2025-04-24 13:42:07'),
(420, 83, 4, '2025-04-20 08:25:00', '2025-04-24 13:42:07'),
(421, 84, 4, '2025-04-20 08:15:00', '2025-04-24 13:42:07'),
(422, 85, 4, '2025-04-20 08:00:00', '2025-04-24 13:42:07'),
(423, 86, 4, '2025-04-19 08:15:00', '2025-04-24 13:42:07'),
(424, 87, 4, '2025-04-19 08:18:00', '2025-04-24 13:42:07'),
(425, 88, 4, '2025-04-19 08:12:00', '2025-04-24 13:42:07'),
(426, 89, 4, '2025-04-19 08:08:00', '2025-04-24 13:42:07'),
(427, 90, 4, '2025-04-19 08:04:00', '2025-04-24 13:42:07'),
(428, 91, 4, '2025-04-19 08:28:00', '2025-04-24 13:42:07'),
(429, 92, 4, '2025-04-19 08:07:00', '2025-04-24 13:42:07'),
(430, 93, 4, '2025-04-18 08:14:00', '2025-04-24 13:42:07'),
(431, 94, 4, '2025-04-18 08:17:00', '2025-04-24 13:42:07'),
(432, 95, 4, '2025-04-18 08:13:00', '2025-04-24 13:42:07'),
(433, 96, 4, '2025-04-18 08:17:00', '2025-04-24 13:42:07'),
(434, 97, 4, '2025-04-18 08:17:00', '2025-04-24 13:42:07'),
(435, 98, 4, '2025-04-18 08:03:00', '2025-04-24 13:42:07'),
(436, 99, 4, '2025-04-18 08:27:00', '2025-04-24 13:42:07'),
(437, 100, 4, '2025-04-17 08:04:00', '2025-04-24 13:42:07'),
(438, 101, 4, '2025-04-17 08:02:00', '2025-04-24 13:42:07'),
(439, 102, 4, '2025-04-17 08:25:00', '2025-04-24 13:42:07'),
(440, 103, 4, '2025-04-17 08:02:00', '2025-04-24 13:42:07');

-- --------------------------------------------------------

--
-- Table structure for table `attendance_sessions`
--

CREATE TABLE `attendance_sessions` (
  `id` int(11) NOT NULL,
  `course_id` int(11) NOT NULL,
  `term` varchar(50) NOT NULL,
  `section` varchar(50) NOT NULL,
  `instructor_id` int(11) NOT NULL,
  `start_time` datetime NOT NULL,
  `end_time` datetime NOT NULL,
  `created_at` timestamp NOT NULL DEFAULT current_timestamp()
) ENGINE=InnoDB DEFAULT CHARSET=utf8mb4 COLLATE=utf8mb4_general_ci;

--
-- Dumping data for table `attendance_sessions`
--

INSERT INTO `attendance_sessions` (`id`, `course_id`, `term`, `section`, `instructor_id`, `start_time`, `end_time`, `created_at`) VALUES
(1, 2, '2nd Semester', 'DEFAULT', 1, '2025-04-24 08:00:00', '2025-04-24 09:00:00', '2025-04-24 12:44:35'),
(2, 1, '2nd Semester', 'DEFAULT', 1, '2025-04-24 21:00:00', '2025-04-24 22:00:00', '2025-04-24 12:45:11'),
(3, 7, '2nd Semester', 'DEFAULT', 4, '2025-04-24 21:00:00', '2025-04-24 22:00:00', '2025-04-24 12:45:45'),
(4, 7, '2nd Semester', '302', 1, '2025-04-22 08:00:00', '2025-04-22 09:30:00', '2025-04-24 13:37:41'),
(5, 2, '2nd Semester', '302', 1, '2025-04-22 08:00:00', '2025-04-22 09:30:00', '2025-04-24 13:37:41'),
(6, 5, '2nd Semester', '302', 1, '2025-04-22 08:00:00', '2025-04-22 09:30:00', '2025-04-24 13:37:41'),
(7, 4, '2nd Semester', '302', 1, '2025-04-22 08:00:00', '2025-04-22 09:30:00', '2025-04-24 13:37:41'),
(8, 6, '2nd Semester', '302', 1, '2025-04-22 08:00:00', '2025-04-22 09:30:00', '2025-04-24 13:37:41'),
(9, 1, '2nd Semester', '302', 1, '2025-04-22 08:00:00', '2025-04-22 09:30:00', '2025-04-24 13:37:41'),
(10, 3, '2nd Semester', '302', 1, '2025-04-22 08:00:00', '2025-04-22 09:30:00', '2025-04-24 13:37:41'),
(11, 7, '2nd Semester', '302', 1, '2025-04-20 08:00:00', '2025-04-20 09:30:00', '2025-04-24 13:37:41'),
(12, 2, '2nd Semester', '302', 1, '2025-04-20 08:00:00', '2025-04-20 09:30:00', '2025-04-24 13:37:41'),
(13, 5, '2nd Semester', '302', 1, '2025-04-20 08:00:00', '2025-04-20 09:30:00', '2025-04-24 13:37:41'),
(14, 4, '2nd Semester', '302', 1, '2025-04-20 08:00:00', '2025-04-20 09:30:00', '2025-04-24 13:37:41'),
(15, 6, '2nd Semester', '302', 1, '2025-04-20 08:00:00', '2025-04-20 09:30:00', '2025-04-24 13:37:41'),
(16, 1, '2nd Semester', '302', 1, '2025-04-20 08:00:00', '2025-04-20 09:30:00', '2025-04-24 13:37:41'),
(17, 3, '2nd Semester', '302', 1, '2025-04-20 08:00:00', '2025-04-20 09:30:00', '2025-04-24 13:37:41'),
(18, 7, '2nd Semester', '302', 1, '2025-04-19 08:00:00', '2025-04-19 09:30:00', '2025-04-24 13:37:41'),
(19, 2, '2nd Semester', '302', 1, '2025-04-19 08:00:00', '2025-04-19 09:30:00', '2025-04-24 13:37:41'),
(20, 5, '2nd Semester', '302', 1, '2025-04-19 08:00:00', '2025-04-19 09:30:00', '2025-04-24 13:37:41'),
(21, 4, '2nd Semester', '302', 1, '2025-04-19 08:00:00', '2025-04-19 09:30:00', '2025-04-24 13:37:41'),
(22, 6, '2nd Semester', '302', 1, '2025-04-19 08:00:00', '2025-04-19 09:30:00', '2025-04-24 13:37:41'),
(23, 1, '2nd Semester', '302', 1, '2025-04-19 08:00:00', '2025-04-19 09:30:00', '2025-04-24 13:37:41'),
(24, 3, '2nd Semester', '302', 1, '2025-04-19 08:00:00', '2025-04-19 09:30:00', '2025-04-24 13:37:41'),
(25, 7, '2nd Semester', '302', 1, '2025-04-18 08:00:00', '2025-04-18 09:30:00', '2025-04-24 13:37:41'),
(26, 2, '2nd Semester', '302', 1, '2025-04-18 08:00:00', '2025-04-18 09:30:00', '2025-04-24 13:37:41'),
(27, 5, '2nd Semester', '302', 1, '2025-04-18 08:00:00', '2025-04-18 09:30:00', '2025-04-24 13:37:41'),
(28, 4, '2nd Semester', '302', 1, '2025-04-18 08:00:00', '2025-04-18 09:30:00', '2025-04-24 13:37:41'),
(29, 6, '2nd Semester', '302', 1, '2025-04-18 08:00:00', '2025-04-18 09:30:00', '2025-04-24 13:37:41'),
(30, 1, '2nd Semester', '302', 1, '2025-04-18 08:00:00', '2025-04-18 09:30:00', '2025-04-24 13:37:41'),
(31, 3, '2nd Semester', '302', 1, '2025-04-18 08:00:00', '2025-04-18 09:30:00', '2025-04-24 13:37:41'),
(32, 7, '2nd Semester', '302', 1, '2025-04-17 08:00:00', '2025-04-17 09:30:00', '2025-04-24 13:37:41'),
(33, 2, '2nd Semester', '302', 1, '2025-04-17 08:00:00', '2025-04-17 09:30:00', '2025-04-24 13:37:41'),
(34, 5, '2nd Semester', '302', 1, '2025-04-17 08:00:00', '2025-04-17 09:30:00', '2025-04-24 13:37:41'),
(35, 4, '2nd Semester', '302', 1, '2025-04-17 08:00:00', '2025-04-17 09:30:00', '2025-04-24 13:37:41'),
(36, 6, '2nd Semester', '302', 1, '2025-04-17 08:00:00', '2025-04-17 09:30:00', '2025-04-24 13:37:41'),
(37, 1, '2nd Semester', '302', 1, '2025-04-17 08:00:00', '2025-04-17 09:30:00', '2025-04-24 13:37:41'),
(38, 3, '2nd Semester', '302', 1, '2025-04-17 08:00:00', '2025-04-17 09:30:00', '2025-04-24 13:37:41'),
(39, 7, '2nd Semester', '302', 1, '2025-04-16 08:00:00', '2025-04-16 09:30:00', '2025-04-24 13:37:41'),
(40, 2, '2nd Semester', '302', 1, '2025-04-16 08:00:00', '2025-04-16 09:30:00', '2025-04-24 13:37:41'),
(41, 5, '2nd Semester', '302', 1, '2025-04-16 08:00:00', '2025-04-16 09:30:00', '2025-04-24 13:37:41'),
(42, 4, '2nd Semester', '302', 1, '2025-04-16 08:00:00', '2025-04-16 09:30:00', '2025-04-24 13:37:41'),
(43, 6, '2nd Semester', '302', 1, '2025-04-16 08:00:00', '2025-04-16 09:30:00', '2025-04-24 13:37:41'),
(44, 1, '2nd Semester', '302', 1, '2025-04-16 08:00:00', '2025-04-16 09:30:00', '2025-04-24 13:37:41'),
(45, 3, '2nd Semester', '302', 1, '2025-04-16 08:00:00', '2025-04-16 09:30:00', '2025-04-24 13:37:41'),
(46, 7, '2nd Semester', '302', 1, '2025-04-15 08:00:00', '2025-04-15 09:30:00', '2025-04-24 13:37:41'),
(47, 2, '2nd Semester', '302', 1, '2025-04-15 08:00:00', '2025-04-15 09:30:00', '2025-04-24 13:37:41'),
(48, 5, '2nd Semester', '302', 1, '2025-04-15 08:00:00', '2025-04-15 09:30:00', '2025-04-24 13:37:41'),
(49, 4, '2nd Semester', '302', 1, '2025-04-15 08:00:00', '2025-04-15 09:30:00', '2025-04-24 13:37:41'),
(50, 6, '2nd Semester', '302', 1, '2025-04-15 08:00:00', '2025-04-15 09:30:00', '2025-04-24 13:37:41'),
(51, 1, '2nd Semester', '302', 1, '2025-04-15 08:00:00', '2025-04-15 09:30:00', '2025-04-24 13:37:41'),
(52, 3, '2nd Semester', '302', 1, '2025-04-15 08:00:00', '2025-04-15 09:30:00', '2025-04-24 13:37:41'),
(53, 7, '2nd Semester', '302', 1, '2025-04-24 08:00:00', '2025-04-24 09:30:00', '2025-04-24 13:37:41'),
(54, 2, '2nd Semester', '302', 1, '2025-04-24 08:00:00', '2025-04-24 09:30:00', '2025-04-24 13:37:41'),
(55, 5, '2nd Semester', '302', 1, '2025-04-24 08:00:00', '2025-04-24 09:30:00', '2025-04-24 13:37:41'),
(56, 4, '2nd Semester', '302', 1, '2025-04-24 08:00:00', '2025-04-24 09:30:00', '2025-04-24 13:37:41'),
(57, 6, '2nd Semester', '302', 1, '2025-04-24 08:00:00', '2025-04-24 09:30:00', '2025-04-24 13:37:41'),
(58, 1, '2nd Semester', '302', 1, '2025-04-24 08:00:00', '2025-04-24 09:30:00', '2025-04-24 13:37:41'),
(59, 3, '2nd Semester', '302', 1, '2025-04-24 08:00:00', '2025-04-24 09:30:00', '2025-04-24 13:37:41'),
(60, 7, '2nd Semester', '302', 1, '2025-04-23 08:00:00', '2025-04-23 09:30:00', '2025-04-24 13:37:41'),
(61, 2, '2nd Semester', '302', 1, '2025-04-23 08:00:00', '2025-04-23 09:30:00', '2025-04-24 13:37:41'),
(62, 5, '2nd Semester', '302', 1, '2025-04-23 08:00:00', '2025-04-23 09:30:00', '2025-04-24 13:37:41'),
(63, 4, '2nd Semester', '302', 1, '2025-04-23 08:00:00', '2025-04-23 09:30:00', '2025-04-24 13:37:41'),
(64, 6, '2nd Semester', '302', 1, '2025-04-23 08:00:00', '2025-04-23 09:30:00', '2025-04-24 13:37:41'),
(65, 1, '2nd Semester', '302', 1, '2025-04-23 08:00:00', '2025-04-23 09:30:00', '2025-04-24 13:37:41'),
(66, 3, '2nd Semester', '302', 1, '2025-04-23 08:00:00', '2025-04-23 09:30:00', '2025-04-24 13:37:41'),
(67, 7, '2nd Semester', '302', 1, '2025-04-22 08:00:00', '2025-04-22 09:30:00', '2025-04-24 13:37:41'),
(68, 2, '2nd Semester', '302', 1, '2025-04-22 08:00:00', '2025-04-22 09:30:00', '2025-04-24 13:37:41'),
(69, 5, '2nd Semester', '302', 1, '2025-04-22 08:00:00', '2025-04-22 09:30:00', '2025-04-24 13:37:41'),
(70, 4, '2nd Semester', '302', 1, '2025-04-22 08:00:00', '2025-04-22 09:30:00', '2025-04-24 13:37:41'),
(71, 6, '2nd Semester', '302', 1, '2025-04-22 08:00:00', '2025-04-22 09:30:00', '2025-04-24 13:37:41'),
(72, 7, '2nd Semester', '202', 1, '2025-04-22 08:00:00', '2025-04-22 09:30:00', '2025-04-24 13:37:41'),
(73, 2, '2nd Semester', '202', 1, '2025-04-22 08:00:00', '2025-04-22 09:30:00', '2025-04-24 13:37:41'),
(74, 5, '2nd Semester', '202', 1, '2025-04-22 08:00:00', '2025-04-22 09:30:00', '2025-04-24 13:37:41'),
(75, 4, '2nd Semester', '202', 1, '2025-04-22 08:00:00', '2025-04-22 09:30:00', '2025-04-24 13:37:41'),
(76, 6, '2nd Semester', '202', 1, '2025-04-22 08:00:00', '2025-04-22 09:30:00', '2025-04-24 13:37:41'),
(77, 1, '2nd Semester', '202', 1, '2025-04-22 08:00:00', '2025-04-22 09:30:00', '2025-04-24 13:37:41'),
(78, 3, '2nd Semester', '202', 1, '2025-04-22 08:00:00', '2025-04-22 09:30:00', '2025-04-24 13:37:41'),
(79, 7, '2nd Semester', '202', 1, '2025-04-20 08:00:00', '2025-04-20 09:30:00', '2025-04-24 13:37:41'),
(80, 2, '2nd Semester', '202', 1, '2025-04-20 08:00:00', '2025-04-20 09:30:00', '2025-04-24 13:37:41'),
(81, 5, '2nd Semester', '202', 1, '2025-04-20 08:00:00', '2025-04-20 09:30:00', '2025-04-24 13:37:41'),
(82, 4, '2nd Semester', '202', 1, '2025-04-20 08:00:00', '2025-04-20 09:30:00', '2025-04-24 13:37:41'),
(83, 6, '2nd Semester', '202', 1, '2025-04-20 08:00:00', '2025-04-20 09:30:00', '2025-04-24 13:37:41'),
(84, 1, '2nd Semester', '202', 1, '2025-04-20 08:00:00', '2025-04-20 09:30:00', '2025-04-24 13:37:41'),
(85, 3, '2nd Semester', '202', 1, '2025-04-20 08:00:00', '2025-04-20 09:30:00', '2025-04-24 13:37:41'),
(86, 7, '2nd Semester', '202', 1, '2025-04-19 08:00:00', '2025-04-19 09:30:00', '2025-04-24 13:37:41'),
(87, 2, '2nd Semester', '202', 1, '2025-04-19 08:00:00', '2025-04-19 09:30:00', '2025-04-24 13:37:41'),
(88, 5, '2nd Semester', '202', 1, '2025-04-19 08:00:00', '2025-04-19 09:30:00', '2025-04-24 13:37:41'),
(89, 4, '2nd Semester', '202', 1, '2025-04-19 08:00:00', '2025-04-19 09:30:00', '2025-04-24 13:37:41'),
(90, 6, '2nd Semester', '202', 1, '2025-04-19 08:00:00', '2025-04-19 09:30:00', '2025-04-24 13:37:41'),
(91, 1, '2nd Semester', '202', 1, '2025-04-19 08:00:00', '2025-04-19 09:30:00', '2025-04-24 13:37:41'),
(92, 3, '2nd Semester', '202', 1, '2025-04-19 08:00:00', '2025-04-19 09:30:00', '2025-04-24 13:37:41'),
(93, 7, '2nd Semester', '202', 1, '2025-04-18 08:00:00', '2025-04-18 09:30:00', '2025-04-24 13:37:41'),
(94, 2, '2nd Semester', '202', 1, '2025-04-18 08:00:00', '2025-04-18 09:30:00', '2025-04-24 13:37:41'),
(95, 5, '2nd Semester', '202', 1, '2025-04-18 08:00:00', '2025-04-18 09:30:00', '2025-04-24 13:37:41'),
(96, 4, '2nd Semester', '202', 1, '2025-04-18 08:00:00', '2025-04-18 09:30:00', '2025-04-24 13:37:41'),
(97, 6, '2nd Semester', '202', 1, '2025-04-18 08:00:00', '2025-04-18 09:30:00', '2025-04-24 13:37:41'),
(98, 1, '2nd Semester', '202', 1, '2025-04-18 08:00:00', '2025-04-18 09:30:00', '2025-04-24 13:37:41'),
(99, 3, '2nd Semester', '202', 1, '2025-04-18 08:00:00', '2025-04-18 09:30:00', '2025-04-24 13:37:41'),
(100, 7, '2nd Semester', '202', 1, '2025-04-17 08:00:00', '2025-04-17 09:30:00', '2025-04-24 13:37:41'),
(101, 2, '2nd Semester', '202', 1, '2025-04-17 08:00:00', '2025-04-17 09:30:00', '2025-04-24 13:37:41'),
(102, 5, '2nd Semester', '202', 1, '2025-04-17 08:00:00', '2025-04-17 09:30:00', '2025-04-24 13:37:41'),
(103, 4, '2nd Semester', '202', 1, '2025-04-17 08:00:00', '2025-04-17 09:30:00', '2025-04-24 13:37:41'),
(104, 1, '2nd Semester', 'DEFAULT', 1, '2025-04-25 22:00:00', '2025-04-25 23:00:00', '2025-04-25 13:36:04'),
(105, 2, '2nd Semester', 'DEFAULT', 1, '2025-04-25 22:00:00', '2025-04-25 23:00:00', '2025-04-25 13:36:54'),
(106, 1, '2nd Semester', 'DEFAULT', 1, '2025-04-25 22:00:00', '2025-04-25 23:00:00', '2025-04-25 13:37:28'),
(107, 2, '2nd Semester', 'DEFAULT', 1, '2025-05-03 08:00:00', '2025-05-03 09:00:00', '2025-05-03 07:45:56'),
(108, 7, '2nd Semester', 'DEFAULT', 4, '2025-05-03 20:30:00', '2025-05-03 21:30:00', '2025-05-03 12:25:26'),
(109, 1, '2nd Semester', 'DEFAULT', 1, '2025-05-03 20:50:00', '2025-05-03 21:50:00', '2025-05-03 12:42:31'),
(110, 4, '2nd Semester', 'DEFAULT', 3, '2025-05-03 21:00:00', '2025-05-03 22:00:00', '2025-05-03 12:49:43'),
(111, 7, '2nd Semester', 'DEFAULT', 4, '2025-05-03 20:50:00', '2025-05-03 21:50:00', '2025-05-03 12:50:27'),
(112, 6, '2nd Semester', 'DEFAULT', 4, '2025-05-03 20:52:00', '2025-05-03 21:52:00', '2025-05-03 12:50:59'),
(113, 2, '2nd Semester', 'DEFAULT', 1, '2025-05-03 21:00:00', '2025-05-03 22:00:00', '2025-05-03 12:55:18'),
(114, 1, '2nd Semester', 'DEFAULT', 1, '2025-05-03 20:56:00', '2025-05-03 21:56:00', '2025-05-03 12:55:44'),
(115, 6, '2nd Semester', 'DEFAULT', 4, '2025-05-03 21:00:00', '2025-05-03 22:00:00', '2025-05-03 12:56:49'),
(116, 2, '2nd Semester', 'DEFAULT', 1, '2025-06-16 18:30:00', '2025-06-16 19:30:00', '2025-06-16 10:19:40');

-- --------------------------------------------------------

--
-- Table structure for table `courses`
--

CREATE TABLE `courses` (
  `id` int(11) NOT NULL,
  `course_name` varchar(100) NOT NULL,
  `expected_meetings` int(11) DEFAULT 0,
  `created_at` timestamp NOT NULL DEFAULT current_timestamp()
) ENGINE=InnoDB DEFAULT CHARSET=utf8mb4 COLLATE=utf8mb4_general_ci;

-- --------------------------------------------------------

--
-- Table structure for table `offline_data`
--

CREATE TABLE `offline_data` (
  `id` int(11) NOT NULL,
  `table_name` varchar(50) NOT NULL,
  `action_type` enum('insert','update','delete') NOT NULL,
  `data` longtext CHARACTER SET utf8mb4 COLLATE utf8mb4_bin NOT NULL CHECK (json_valid(`data`)),
  `status` enum('pending','synced','failed') DEFAULT 'pending',
  `created_at` datetime NOT NULL,
  `synced_at` datetime DEFAULT NULL,
  `sync_attempts` int(11) DEFAULT 0,
  `error_message` text DEFAULT NULL
) ENGINE=InnoDB DEFAULT CHARSET=utf8mb4 COLLATE=utf8mb4_general_ci;

-- --------------------------------------------------------

--
-- Table structure for table `school_info`
--

CREATE TABLE `school_info` (
  `id` int(11) NOT NULL,
  `school_name` varchar(255) NOT NULL,
  `school_address` text DEFAULT NULL,
  `school_contact` varchar(50) DEFAULT NULL,
  `school_email` varchar(100) DEFAULT NULL,
  `school_website` varchar(255) DEFAULT NULL,
  `school_logo_path` varchar(255) DEFAULT NULL,
  `school_motto` text DEFAULT NULL,
  `school_vision` text DEFAULT NULL,
  `school_mission` text DEFAULT NULL,
  `created_at` datetime NOT NULL,
  `updated_at` datetime NOT NULL
) ENGINE=InnoDB DEFAULT CHARSET=utf8mb4 COLLATE=utf8mb4_general_ci;

--
-- Dumping data for table `school_info`
--

INSERT INTO `school_info` (`id`, `school_name`, `school_address`, `school_contact`, `school_email`, `school_website`, `school_logo_path`, `school_motto`, `school_vision`, `school_mission`, `created_at`, `updated_at`) VALUES
(1, 'San Pedro City Polytechnic College', 'San Pedro City Polytechnic College\r\nBrgy. Poblacion, Mabini street, San Pedro City, 4023 Laguna, Philippines', '(02) 87777-352', 'spcpc2017ph@gmail.com', 'http://localhost/onlineenrolmentsystem/', 'admin/image/school-logo.png', 'UNA SA LAGUNA', 'San Pedro City: A leading recognized Smart City in CALABARZON by 2032.', 'Deliver the highest quality of basiic services our constituents while optimizing our resources in accordance with the statutory requirements and our core values.', '2025-04-09 21:20:46', '2025-04-25 22:46:12');

-- --------------------------------------------------------

--
-- Table structure for table `tbl_attendance`
--

CREATE TABLE `tbl_attendance` (
  `tbl_attendance_id` int(11) NOT NULL,
  `tbl_student_id` int(11) NOT NULL,
  `time_in` timestamp NOT NULL DEFAULT current_timestamp(),
  `status` varchar(20) DEFAULT NULL,
  `time_out` timestamp NULL DEFAULT NULL,
  `instructor_id` int(11) DEFAULT NULL,
  `subject_id` int(11) DEFAULT NULL
) ENGINE=InnoDB DEFAULT CHARSET=latin1 COLLATE=latin1_swedish_ci;

--
-- Dumping data for table `tbl_attendance`
--

INSERT INTO `tbl_attendance` (`tbl_attendance_id`, `tbl_student_id`, `time_in`, `status`, `time_out`, `instructor_id`, `subject_id`) VALUES
(3, 2, '2025-03-13 11:23:38', 'Late', '2025-03-13 11:23:48', NULL, NULL),
(4, 2, '2025-03-13 13:12:08', 'Late', '2025-03-13 13:22:22', NULL, NULL),
(6, 4, '2025-03-13 14:02:36', 'Late', '2025-03-13 14:03:55', NULL, NULL),
(7, 5, '2025-03-13 14:03:46', 'Late', '2025-03-13 14:04:00', NULL, NULL),
(9, 4, '2025-03-14 10:54:21', 'Late', '2025-03-14 11:01:52', NULL, NULL),
(10, 2, '2025-03-14 10:54:28', 'Late', '2025-03-14 11:01:43', NULL, NULL),
(17, 5, '2025-03-16 12:34:23', 'Late', '2025-03-16 12:35:04', NULL, NULL),
(19, 4, '2025-03-16 12:34:38', 'Late', '2025-03-16 12:36:10', NULL, NULL),
(20, 4, '2025-03-16 12:36:27', 'Late', '2025-03-16 12:36:35', NULL, NULL),
(21, 2, '2025-03-16 12:36:40', 'Late', '2025-03-16 14:28:58', NULL, NULL),
(22, 8, '2025-03-18 00:44:33', 'Late', '2025-03-18 00:44:50', NULL, NULL),
(24, 7, '2025-04-02 09:49:56', 'Late', '2025-04-02 12:09:22', NULL, NULL),
(26, 9, '2025-04-03 03:30:36', 'Late', '2025-04-03 03:30:52', NULL, NULL),
(33, 11, '2025-04-05 01:28:36', 'Late', '2025-04-05 01:35:47', NULL, NULL),
(34, 10, '2025-04-05 01:35:56', 'Late', '2025-04-05 01:40:28', NULL, NULL),
(35, 2, '2025-04-05 01:43:13', 'Late', NULL, NULL, NULL),
(36, 4, '2025-04-05 05:12:47', 'On Time', NULL, NULL, NULL),
(37, 7, '2025-04-05 05:13:16', 'On Time', NULL, NULL, NULL),
(38, 6, '2025-04-05 05:18:58', 'Late', NULL, NULL, NULL),
(39, 13, '2025-04-05 07:12:49', 'On Time', NULL, NULL, NULL),
(40, 13, '2025-04-05 09:41:49', 'Late', NULL, 1, 2),
(41, 11, '2025-04-05 09:42:31', 'Late', NULL, 1, 2),
(42, 10, '2025-04-05 09:42:48', 'On Time', NULL, 1, 2),
(43, 10, '2025-04-05 09:44:29', 'On Time', NULL, 1, 1),
(44, 10, '2025-04-05 09:55:57', 'Late', NULL, 4, 6),
(45, 7, '2025-04-05 10:01:50', 'Late', NULL, 4, 6),
(46, 6, '2025-04-05 10:03:08', 'Late', NULL, 4, 6),
(47, 2, '2025-04-05 10:03:50', 'Late', NULL, 4, 6),
(48, 7, '2025-04-05 10:08:04', 'On Time', NULL, 3, 4),
(49, 7, '2025-04-05 10:09:29', 'On Time', NULL, 4, 7),
(50, 6, '2025-04-05 10:09:54', 'Late', NULL, 4, 7),
(51, 13, '2025-04-09 11:09:47', 'Late', NULL, NULL, NULL),
(52, 13, '2025-04-09 12:40:35', 'Late', NULL, NULL, NULL),
(53, 13, '2025-04-09 12:41:17', 'On Time', NULL, 1, 1),
(54, 11, '2025-04-09 12:41:23', 'On Time', NULL, 1, 1),
(55, 10, '2025-04-09 12:41:29', 'On Time', NULL, 1, 1),
(56, 13, '2025-04-13 13:56:05', 'Late', NULL, NULL, NULL),
(57, 13, '2025-04-24 12:44:43', 'Late', NULL, 1, 2),
(58, 13, '2025-04-24 12:45:15', 'Late', NULL, 1, 1),
(59, 11, '2025-04-24 12:45:56', 'On Time', NULL, 4, 7),
(60, 10, '2025-04-24 12:46:02', 'On Time', NULL, 4, 7),
(61, 16, '2025-04-24 19:02:58', 'On Time', NULL, NULL, NULL),
(63, 13, '2025-04-25 13:36:36', 'On Time', NULL, 1, 1),
(64, 16, '2025-04-25 13:37:03', 'On Time', NULL, 1, 2),
(65, 16, '2025-04-25 13:37:34', 'On Time', NULL, 1, 1),
(66, 20, '2025-05-03 12:25:08', 'On Time', NULL, NULL, NULL),
(67, 19, '2025-05-03 12:25:31', 'On Time', NULL, 4, 7),
(68, 20, '2025-05-03 12:25:37', 'On Time', NULL, 4, 7),
(69, 17, '2025-05-03 12:37:53', 'On Time', NULL, 4, 6),
(70, 18, '2025-05-03 12:39:00', 'On Time', NULL, 4, 6),
(71, 19, '2025-05-03 12:39:07', 'On Time', NULL, 4, 6),
(72, 17, '2025-05-03 12:42:40', 'On Time', NULL, 1, 1),
(73, 18, '2025-05-03 12:42:48', 'On Time', NULL, 1, 1),
(74, 17, '2025-05-03 12:49:51', 'On Time', NULL, 3, 4),
(75, 17, '2025-05-03 12:50:43', 'On Time', NULL, 4, 7),
(76, 17, '2025-05-03 12:55:25', 'On Time', NULL, 1, 2),
(77, 19, '2025-05-03 12:56:23', 'Late', NULL, 1, 1),
(78, 20, '2025-05-03 12:56:59', 'On Time', NULL, 4, 6),
(79, 21, '2025-05-03 13:28:55', 'Late', NULL, 4, 6),
(80, 21, '2025-06-16 10:19:49', 'On Time', NULL, 1, 2),
(81, 20, '2025-06-16 10:19:54', 'On Time', NULL, 1, 2),
(82, 18, '2025-06-16 10:19:58', 'On Time', NULL, 1, 2),
(83, 18, '2025-06-16 10:31:55', 'Late', NULL, NULL, NULL);

-- --------------------------------------------------------

--
-- Table structure for table `tbl_face_recognition_logs`
--

CREATE TABLE `tbl_face_recognition_logs` (
  `log_id` int(11) NOT NULL,
  `student_id` int(11) DEFAULT NULL,
  `recognition_status` enum('success','failed') NOT NULL,
  `timestamp` datetime DEFAULT current_timestamp(),
  `ip_address` varchar(45) DEFAULT NULL
) ENGINE=InnoDB DEFAULT CHARSET=utf8mb4 COLLATE=utf8mb4_general_ci;

--
-- Dumping data for table `tbl_face_recognition_logs`
--

INSERT INTO `tbl_face_recognition_logs` (`log_id`, `student_id`, `recognition_status`, `timestamp`, `ip_address`) VALUES
(1, 2, 'failed', '2025-03-13 19:53:07', '::1'),
(2, 2, 'failed', '2025-03-13 19:53:10', '::1'),
(3, 2, 'failed', '2025-03-13 19:53:11', '::1'),
(4, 2, 'failed', '2025-03-13 19:53:12', '::1'),
(5, 2, 'failed', '2025-03-13 19:53:13', '::1'),
(6, 2, 'failed', '2025-03-13 19:53:43', '::1'),
(7, 2, 'failed', '2025-03-13 19:53:45', '::1'),
(8, 2, 'failed', '2025-03-13 19:53:46', '::1'),
(9, 2, 'failed', '2025-03-13 19:53:47', '::1'),
(10, 2, 'failed', '2025-03-13 19:53:47', '::1');

-- --------------------------------------------------------

--
-- Table structure for table `tbl_face_verification_logs`
--

CREATE TABLE `tbl_face_verification_logs` (
  `log_id` int(11) NOT NULL,
  `student_id` int(11) DEFAULT NULL,
  `student_name` varchar(255) NOT NULL,
  `status` enum('Success','Failed') NOT NULL,
  `verification_time` datetime NOT NULL DEFAULT current_timestamp(),
  `ip_address` varchar(45) NOT NULL,
  `user_agent` varchar(255) DEFAULT NULL,
  `notes` text DEFAULT NULL
) ENGINE=InnoDB DEFAULT CHARSET=utf8mb4 COLLATE=utf8mb4_general_ci;

--
-- Dumping data for table `tbl_face_verification_logs`
--

INSERT INTO `tbl_face_verification_logs` (`log_id`, `student_id`, `student_name`, `status`, `verification_time`, `ip_address`, `user_agent`, `notes`) VALUES
(1, NULL, 'Alexander Joerenz Escallente', 'Success', '2025-03-13 19:22:51', '::1', 'Mozilla/5.0 (Windows NT 10.0; Win64; x64) AppleWebKit/537.36 (KHTML, like Gecko) Chrome/134.0.0.0 Safari/537.36', 'Face captured during registration'),
(2, NULL, 'barney', 'Success', '2025-03-13 20:32:41', '::1', 'Mozilla/5.0 (Windows NT 10.0; Win64; x64) AppleWebKit/537.36 (KHTML, like Gecko) Chrome/134.0.0.0 Safari/537.36', 'Face captured during registration'),
(3, NULL, 'escall', 'Success', '2025-03-13 21:43:05', '::1', 'Mozilla/5.0 (Windows NT 10.0; Win64; x64) AppleWebKit/537.36 (KHTML, like Gecko) Chrome/134.0.0.0 Safari/537.36', 'Face captured during registration'),
(4, NULL, 'zeno', 'Success', '2025-03-14 19:04:12', '::1', 'Mozilla/5.0 (Windows NT 10.0; Win64; x64) AppleWebKit/537.36 (KHTML, like Gecko) Chrome/134.0.0.0 Safari/537.36', 'Face captured during registration'),
(5, NULL, 'CRYPTO', 'Success', '2025-03-14 19:04:55', '::1', 'Mozilla/5.0 (Windows NT 10.0; Win64; x64) AppleWebKit/537.36 (KHTML, like Gecko) Chrome/134.0.0.0 Safari/537.36', 'Face captured during registration'),
(6, NULL, 'joshua bayot', 'Success', '2025-03-18 08:43:54', '::1', 'Mozilla/5.0 (Windows NT 10.0; Win64; x64) AppleWebKit/537.36 (KHTML, like Gecko) Chrome/134.0.0.0 Safari/537.36', 'Face captured during registration'),
(7, NULL, 'melissa', 'Success', '2025-04-03 11:28:49', '::1', 'Mozilla/5.0 (Windows NT 10.0; Win64; x64) AppleWebKit/537.36 (KHTML, like Gecko) Chrome/134.0.0.0 Safari/537.36', 'Face captured during registration'),
(8, NULL, 'capstone 1', 'Success', '2025-04-04 10:01:25', '::1', 'Mozilla/5.0 (Windows NT 10.0; Win64; x64) AppleWebKit/537.36 (KHTML, like Gecko) Chrome/134.0.0.0 Safari/537.36', 'Face captured during registration'),
(9, NULL, 'atom nucleus', 'Success', '2025-04-04 21:18:34', '::1', 'Mozilla/5.0 (Windows NT 10.0; Win64; x64) AppleWebKit/537.36 (KHTML, like Gecko) Chrome/134.0.0.0 Safari/537.36', 'Face captured during registration'),
(10, NULL, 'melissa lucenecio', 'Success', '2025-04-05 10:40:26', '::1', 'Mozilla/5.0 (Windows NT 10.0; Win64; x64) AppleWebKit/537.36 (KHTML, like Gecko) Chrome/134.0.0.0 Safari/537.36', 'Face captured during registration'),
(11, NULL, 'CAP1', 'Success', '2025-04-05 15:12:21', '::1', 'Mozilla/5.0 (Windows NT 10.0; Win64; x64) AppleWebKit/537.36 (KHTML, like Gecko) Chrome/134.0.0.0 Safari/537.36', 'Face captured during registration'),
(12, NULL, 'alucard', 'Success', '2025-04-05 16:36:35', '::1', 'Mozilla/5.0 (Windows NT 10.0; Win64; x64) AppleWebKit/537.36 (KHTML, like Gecko) Chrome/134.0.0.0 Safari/537.36', 'Face captured during registration'),
(13, NULL, 'chou', 'Success', '2025-04-05 16:37:13', '::1', 'Mozilla/5.0 (Windows NT 10.0; Win64; x64) AppleWebKit/537.36 (KHTML, like Gecko) Chrome/134.0.0.0 Safari/537.36', 'Face captured during registration'),
(14, NULL, 'karrie', 'Success', '2025-04-25 00:42:55', '::1', 'Mozilla/5.0 (Windows NT 10.0; Win64; x64) AppleWebKit/537.36 (KHTML, like Gecko) Chrome/135.0.0.0 Safari/537.36', 'Face captured during registration'),
(15, NULL, 'mythical', 'Success', '2025-05-03 15:53:53', '::1', 'Mozilla/5.0 (Windows NT 10.0; Win64; x64) AppleWebKit/537.36 (KHTML, like Gecko) Chrome/135.0.0.0 Safari/537.36', 'Face captured during registration'),
(16, NULL, 'ctf', 'Success', '2025-05-03 15:58:31', '::1', 'Mozilla/5.0 (Windows NT 10.0; Win64; x64) AppleWebKit/537.36 (KHTML, like Gecko) Chrome/135.0.0.0 Safari/537.36', 'Face captured during registration'),
(17, NULL, 'ctf0', 'Success', '2025-05-03 16:10:18', '::1', 'Mozilla/5.0 (Windows NT 10.0; Win64; x64) AppleWebKit/537.36 (KHTML, like Gecko) Chrome/135.0.0.0 Safari/537.36', 'Face captured during registration'),
(18, NULL, 'montgomery', 'Success', '2025-05-03 16:20:52', '::1', 'Mozilla/5.0 (Windows NT 10.0; Win64; x64) AppleWebKit/537.36 (KHTML, like Gecko) Chrome/135.0.0.0 Safari/537.36', 'Face captured during registration'),
(19, NULL, 'konoha', 'Success', '2025-05-03 21:26:47', '::1', 'Mozilla/5.0 (Windows NT 10.0; Win64; x64) AppleWebKit/537.36 (KHTML, like Gecko) Chrome/135.0.0.0 Safari/537.36', 'Face captured during registration');

-- --------------------------------------------------------

--
-- Table structure for table `tbl_instructors`
--

CREATE TABLE `tbl_instructors` (
  `instructor_id` int(11) NOT NULL,
  `instructor_name` varchar(100) NOT NULL,
  `subject` varchar(100) NOT NULL,
  `created_at` timestamp NOT NULL DEFAULT current_timestamp()
) ENGINE=InnoDB DEFAULT CHARSET=utf8mb4 COLLATE=utf8mb4_general_ci;

--
-- Dumping data for table `tbl_instructors`
--

INSERT INTO `tbl_instructors` (`instructor_id`, `instructor_name`, `subject`, `created_at`) VALUES
(1, 'Arnold Aranaydo', 'Capstone 1', '2025-04-05 07:21:22'),
(3, 'Wency Trapago', '', '2025-04-05 07:55:44'),
(4, 'Mr. Valdez', '', '2025-04-05 08:14:20');

-- --------------------------------------------------------

--
-- Table structure for table `tbl_instructor_subjects`
--

CREATE TABLE `tbl_instructor_subjects` (
  `id` int(11) NOT NULL,
  `instructor_id` int(11) NOT NULL,
  `subject_id` int(11) NOT NULL,
  `created_at` timestamp NOT NULL DEFAULT current_timestamp()
) ENGINE=InnoDB DEFAULT CHARSET=utf8mb4 COLLATE=utf8mb4_general_ci;

--
-- Dumping data for table `tbl_instructor_subjects`
--

INSERT INTO `tbl_instructor_subjects` (`id`, `instructor_id`, `subject_id`, `created_at`) VALUES
(1, 1, 1, '2025-04-05 07:30:20'),
(2, 1, 2, '2025-04-05 07:30:49'),
(5, 3, 4, '2025-04-05 07:55:44'),
(7, 4, 6, '2025-04-05 08:14:20'),
(8, 4, 7, '2025-04-05 08:14:20');

-- --------------------------------------------------------

--
-- Table structure for table `tbl_student`
--

CREATE TABLE `tbl_student` (
  `tbl_student_id` int(11) NOT NULL,
  `student_name` varchar(255) NOT NULL,
  `course_section` varchar(255) NOT NULL,
  `generated_code` varchar(255) NOT NULL,
  `face_image` varchar(255) DEFAULT NULL,
  `face_image_path` varchar(255) DEFAULT NULL
) ENGINE=InnoDB DEFAULT CHARSET=latin1 COLLATE=latin1_swedish_ci;

--
-- Dumping data for table `tbl_student`
--

INSERT INTO `tbl_student` (`tbl_student_id`, `student_name`, `course_section`, `generated_code`, `face_image`, `face_image_path`) VALUES
(2, 'Alexander Joerenz Escallente', 'BSIT-302', 'F9ZqkMhxdC', NULL, 'face_1741864975_67d2c00fde99f.jpg'),
(4, 'barney', 'BSHRM-202', 'BGDaJwGfqF', NULL, 'face_1741869166_67d2d06e39ee5.jpg'),
(5, 'escall', 'BSBA-301', 'AXNMyFOIO1', NULL, 'face_1741873390_67d2e0eed6208.jpg'),
(6, 'zeno', 'BSTM-101', 't3mXGjOiWL', NULL, 'face_1741950258_67d40d3220a8d.jpg'),
(7, 'CRYPTO', 'BSTM-102', 'ZptdwLoYc8', NULL, 'face_1741950299_67d40d5b2c277.jpg'),
(8, 'joshua bayot', 'BSIT-302', 't59iFIrHee', NULL, 'face_1742258642_67d8c1d2ae831.jpg'),
(9, 'melissa', 'BSIT-302', 'JifZShPEZF', NULL, 'face_1743650938_67ee007a02a50.jpg'),
(10, 'capstone 1', 'BSIT-301', 'hcJIaoCQjb', NULL, 'face_1743732089_67ef3d79a723e.jpg'),
(11, 'atom nucleus', 'BSIT-301', 'tU7xeQLoqy', NULL, 'face_1743772719_67efdc2fe402b.jpg'),
(12, 'melissa lucenecio', 'BSIT-302', 'fWyLB4j8yM', NULL, 'face_1743820862_67f0983e14c71.jpg'),
(13, 'CAP1', 'BSIT-302', 'ySscHVEbVs', NULL, 'face_1743837145_67f0d7d966a46.jpg'),
(14, 'alucard', 'BSIT-302', 'XWJCtfrFi4', NULL, 'face_1743842202_67f0eb9a4841c.jpg'),
(15, 'chou', 'BSIS-301', 'PPtdm28Iwi', NULL, 'face_1743842237_67f0ebbdee328.jpg'),
(16, 'karrie', 'BSIT-302', 'SgqDQ4tQ1J', NULL, 'face_1745512984_680a6a183506a.jpg'),
(17, 'mythical', 'BSIT-302', 'Xt0ujN4D5v', NULL, 'face_1746258839_6815cb97abf3f.jpg'),
(18, 'ctf', 'BSIS-301', 'xoiMqAaXIC', NULL, 'face_1746259117_6815ccaddb89b.jpg'),
(19, 'ctf0', 'BSIT-301', 'N8WTJUZZYk', NULL, 'face_1746259827_6815cf7304b4d.jpg'),
(20, 'montgomery', 'BSIT-302', 'saeimdxRla', NULL, 'face_1746260457_6815d1e924477.jpg'),
(21, 'konoha', 'BSIT-302', 'BwQcH7cwIa', NULL, 'face_1746278813_6816199d79385.jpg');

-- --------------------------------------------------------

--
-- Table structure for table `tbl_subjects`
--

CREATE TABLE `tbl_subjects` (
  `subject_id` int(11) NOT NULL,
  `subject_name` varchar(100) NOT NULL,
  `created_at` timestamp NOT NULL DEFAULT current_timestamp()
) ENGINE=InnoDB DEFAULT CHARSET=utf8mb4 COLLATE=utf8mb4_general_ci;

--
-- Dumping data for table `tbl_subjects`
--

INSERT INTO `tbl_subjects` (`subject_id`, `subject_name`, `created_at`) VALUES
(1, 'System Admin & Maintenance', '2025-04-05 07:30:20'),
(2, 'Capstone 1', '2025-04-05 07:30:49'),
(3, 'System Information Assurance 1', '2025-04-05 07:47:54'),
(4, 'Information Assurance Security 1', '2025-04-05 07:49:01'),
(5, 'Casptone 2', '2025-04-05 07:56:01'),
(6, 'Social Professional Issues', '2025-04-05 08:14:20'),
(7, 'Application Development', '2025-04-05 08:14:20');

-- --------------------------------------------------------

--
-- Table structure for table `user_settings`
--

CREATE TABLE `user_settings` (
  `id` int(11) NOT NULL,
  `email` varchar(255) NOT NULL,
  `school_year` varchar(10) NOT NULL,
  `semester` varchar(20) NOT NULL,
  `created_at` datetime NOT NULL,
  `updated_at` datetime NOT NULL
) ENGINE=InnoDB DEFAULT CHARSET=utf8mb4 COLLATE=utf8mb4_general_ci;

--
-- Dumping data for table `user_settings`
--

INSERT INTO `user_settings` (`id`, `email`, `school_year`, `semester`, `created_at`, `updated_at`) VALUES
(1, 'escall.byte@gmail.com', '2024-2025', '2nd Semester', '2025-04-05 14:54:58', '2025-04-09 21:20:55');

--
-- Indexes for dumped tables
--

--
-- Indexes for table `activity_logs`
--
ALTER TABLE `activity_logs`
  ADD PRIMARY KEY (`id`),
  ADD KEY `idx_user_id` (`user_id`),
  ADD KEY `idx_action_type` (`action_type`),
  ADD KEY `idx_created_at` (`created_at`);

--
-- Indexes for table `attendance_grades`
--
ALTER TABLE `attendance_grades`
  ADD PRIMARY KEY (`id`),
  ADD UNIQUE KEY `unique_student_course_term_section` (`student_id`,`course_id`,`term`,`section`),
  ADD KEY `student_id` (`student_id`),
  ADD KEY `course_id` (`course_id`);

--
-- Indexes for table `attendance_logs`
--
ALTER TABLE `attendance_logs`
  ADD PRIMARY KEY (`id`),
  ADD KEY `session_id` (`session_id`),
  ADD KEY `student_id` (`student_id`);

--
-- Indexes for table `attendance_sessions`
--
ALTER TABLE `attendance_sessions`
  ADD PRIMARY KEY (`id`),
  ADD KEY `instructor_id` (`instructor_id`);

--
-- Indexes for table `courses`
--
ALTER TABLE `courses`
  ADD PRIMARY KEY (`id`);

--
-- Indexes for table `offline_data`
--
ALTER TABLE `offline_data`
  ADD PRIMARY KEY (`id`),
  ADD KEY `idx_status` (`status`),
  ADD KEY `idx_created_at` (`created_at`);

--
-- Indexes for table `school_info`
--
ALTER TABLE `school_info`
  ADD PRIMARY KEY (`id`);

--
-- Indexes for table `tbl_attendance`
--
ALTER TABLE `tbl_attendance`
  ADD PRIMARY KEY (`tbl_attendance_id`),
  ADD KEY `tbl_student_id` (`tbl_student_id`),
  ADD KEY `fk_instructor_id` (`instructor_id`),
  ADD KEY `fk_subject_id` (`subject_id`);

--
-- Indexes for table `tbl_face_recognition_logs`
--
ALTER TABLE `tbl_face_recognition_logs`
  ADD PRIMARY KEY (`log_id`),
  ADD KEY `student_id` (`student_id`);

--
-- Indexes for table `tbl_face_verification_logs`
--
ALTER TABLE `tbl_face_verification_logs`
  ADD PRIMARY KEY (`log_id`),
  ADD KEY `student_id` (`student_id`);

--
-- Indexes for table `tbl_instructors`
--
ALTER TABLE `tbl_instructors`
  ADD PRIMARY KEY (`instructor_id`);

--
-- Indexes for table `tbl_instructor_subjects`
--
ALTER TABLE `tbl_instructor_subjects`
  ADD PRIMARY KEY (`id`),
  ADD UNIQUE KEY `unique_instructor_subject` (`instructor_id`,`subject_id`),
  ADD KEY `subject_id` (`subject_id`);

--
-- Indexes for table `tbl_student`
--
ALTER TABLE `tbl_student`
  ADD PRIMARY KEY (`tbl_student_id`);

--
-- Indexes for table `tbl_subjects`
--
ALTER TABLE `tbl_subjects`
  ADD PRIMARY KEY (`subject_id`),
  ADD UNIQUE KEY `subject_name` (`subject_name`);

--
-- Indexes for table `user_settings`
--
ALTER TABLE `user_settings`
  ADD PRIMARY KEY (`id`),
  ADD UNIQUE KEY `unique_email` (`email`);

--
-- AUTO_INCREMENT for dumped tables
--

--
-- AUTO_INCREMENT for table `activity_logs`
--
ALTER TABLE `activity_logs`
  MODIFY `id` int(11) NOT NULL AUTO_INCREMENT, AUTO_INCREMENT=35;

--
-- AUTO_INCREMENT for table `attendance_grades`
--
ALTER TABLE `attendance_grades`
  MODIFY `id` int(11) NOT NULL AUTO_INCREMENT, AUTO_INCREMENT=77;

--
-- AUTO_INCREMENT for table `attendance_logs`
--
ALTER TABLE `attendance_logs`
  MODIFY `id` int(11) NOT NULL AUTO_INCREMENT, AUTO_INCREMENT=441;

--
-- AUTO_INCREMENT for table `attendance_sessions`
--
ALTER TABLE `attendance_sessions`
  MODIFY `id` int(11) NOT NULL AUTO_INCREMENT, AUTO_INCREMENT=117;

--
-- AUTO_INCREMENT for table `courses`
--
ALTER TABLE `courses`
  MODIFY `id` int(11) NOT NULL AUTO_INCREMENT;

--
-- AUTO_INCREMENT for table `offline_data`
--
ALTER TABLE `offline_data`
  MODIFY `id` int(11) NOT NULL AUTO_INCREMENT;

--
-- AUTO_INCREMENT for table `school_info`
--
ALTER TABLE `school_info`
  MODIFY `id` int(11) NOT NULL AUTO_INCREMENT, AUTO_INCREMENT=2;

--
-- AUTO_INCREMENT for table `tbl_attendance`
--
ALTER TABLE `tbl_attendance`
  MODIFY `tbl_attendance_id` int(11) NOT NULL AUTO_INCREMENT, AUTO_INCREMENT=84;

--
-- AUTO_INCREMENT for table `tbl_face_recognition_logs`
--
ALTER TABLE `tbl_face_recognition_logs`
  MODIFY `log_id` int(11) NOT NULL AUTO_INCREMENT, AUTO_INCREMENT=11;

--
-- AUTO_INCREMENT for table `tbl_face_verification_logs`
--
ALTER TABLE `tbl_face_verification_logs`
  MODIFY `log_id` int(11) NOT NULL AUTO_INCREMENT, AUTO_INCREMENT=20;

--
-- AUTO_INCREMENT for table `tbl_instructors`
--
ALTER TABLE `tbl_instructors`
  MODIFY `instructor_id` int(11) NOT NULL AUTO_INCREMENT, AUTO_INCREMENT=5;

--
-- AUTO_INCREMENT for table `tbl_instructor_subjects`
--
ALTER TABLE `tbl_instructor_subjects`
  MODIFY `id` int(11) NOT NULL AUTO_INCREMENT, AUTO_INCREMENT=9;

--
-- AUTO_INCREMENT for table `tbl_student`
--
ALTER TABLE `tbl_student`
  MODIFY `tbl_student_id` int(11) NOT NULL AUTO_INCREMENT, AUTO_INCREMENT=22;

--
-- AUTO_INCREMENT for table `tbl_subjects`
--
ALTER TABLE `tbl_subjects`
  MODIFY `subject_id` int(11) NOT NULL AUTO_INCREMENT, AUTO_INCREMENT=8;

--
-- AUTO_INCREMENT for table `user_settings`
--
ALTER TABLE `user_settings`
  MODIFY `id` int(11) NOT NULL AUTO_INCREMENT, AUTO_INCREMENT=2;

--
-- Constraints for dumped tables
--

--
-- Constraints for table `attendance_grades`
--
ALTER TABLE `attendance_grades`
  ADD CONSTRAINT `fk_grade_student` FOREIGN KEY (`student_id`) REFERENCES `tbl_student` (`tbl_student_id`) ON DELETE CASCADE;

--
-- Constraints for table `attendance_logs`
--
ALTER TABLE `attendance_logs`
  ADD CONSTRAINT `fk_log_session` FOREIGN KEY (`session_id`) REFERENCES `attendance_sessions` (`id`) ON DELETE CASCADE,
  ADD CONSTRAINT `fk_log_student` FOREIGN KEY (`student_id`) REFERENCES `tbl_student` (`tbl_student_id`) ON DELETE CASCADE;

--
-- Constraints for table `attendance_sessions`
--
ALTER TABLE `attendance_sessions`
  ADD CONSTRAINT `fk_session_instructor` FOREIGN KEY (`instructor_id`) REFERENCES `tbl_instructors` (`instructor_id`) ON DELETE CASCADE;

--
-- Constraints for table `tbl_attendance`
--
ALTER TABLE `tbl_attendance`
  ADD CONSTRAINT `fk_instructor_id` FOREIGN KEY (`instructor_id`) REFERENCES `tbl_instructors` (`instructor_id`) ON DELETE SET NULL,
  ADD CONSTRAINT `fk_subject_id` FOREIGN KEY (`subject_id`) REFERENCES `tbl_subjects` (`subject_id`) ON DELETE SET NULL;

--
-- Constraints for table `tbl_face_recognition_logs`
--
ALTER TABLE `tbl_face_recognition_logs`
  ADD CONSTRAINT `tbl_face_recognition_logs_ibfk_1` FOREIGN KEY (`student_id`) REFERENCES `tbl_student` (`tbl_student_id`) ON DELETE CASCADE;

--
-- Constraints for table `tbl_face_verification_logs`
--
ALTER TABLE `tbl_face_verification_logs`
  ADD CONSTRAINT `fk_verification_student` FOREIGN KEY (`student_id`) REFERENCES `tbl_student` (`tbl_student_id`) ON DELETE SET NULL ON UPDATE CASCADE;

--
-- Constraints for table `tbl_instructor_subjects`
--
ALTER TABLE `tbl_instructor_subjects`
  ADD CONSTRAINT `tbl_instructor_subjects_ibfk_1` FOREIGN KEY (`instructor_id`) REFERENCES `tbl_instructors` (`instructor_id`) ON DELETE CASCADE,
  ADD CONSTRAINT `tbl_instructor_subjects_ibfk_2` FOREIGN KEY (`subject_id`) REFERENCES `tbl_subjects` (`subject_id`) ON DELETE CASCADE;
COMMIT;

/*!40101 SET CHARACTER_SET_CLIENT=@OLD_CHARACTER_SET_CLIENT */;
/*!40101 SET CHARACTER_SET_RESULTS=@OLD_CHARACTER_SET_RESULTS */;
/*!40101 SET COLLATION_CONNECTION=@OLD_COLLATION_CONNECTION */;
