-- phpMyAdmin SQL Dump
-- version 5.2.1
-- https://www.phpmyadmin.net/
--
-- Host: 127.0.0.1
-- Generation Time: Jul 29, 2025 at 05:29 PM
-- Server version: 10.4.32-MariaDB
-- PHP Version: 8.2.12

SET SQL_MODE = "NO_AUTO_VALUE_ON_ZERO";
START TRANSACTION;
SET time_zone = "+00:00";


/*!40101 SET @OLD_CHARACTER_SET_CLIENT=@@CHARACTER_SET_CLIENT */;
/*!40101 SET @OLD_CHARACTER_SET_RESULTS=@@CHARACTER_SET_RESULTS */;
/*!40101 SET @OLD_COLLATION_CONNECTION=@@COLLATION_CONNECTION */;
/*!40101 SET NAMES utf8mb4 */;

--
-- Database: `qr_attendance_db`
--

DELIMITER $$
--
-- Procedures
--
CREATE DEFINER=`root`@`localhost` PROCEDURE `CheckScheduleConflict` (IN `p_teacher_username` VARCHAR(255), IN `p_day_of_week` ENUM('Monday','Tuesday','Wednesday','Thursday','Friday','Saturday'), IN `p_start_time` TIME, IN `p_end_time` TIME, IN `p_school_id` INT, IN `p_exclude_id` INT, OUT `p_has_conflict` BOOLEAN)   BEGIN
    DECLARE conflict_count INT DEFAULT 0;

    SELECT COUNT(*) INTO conflict_count
    FROM teacher_schedules
    WHERE teacher_username = p_teacher_username
    AND day_of_week = p_day_of_week
    AND school_id = p_school_id
    AND status = 'active'
    AND (
        (start_time < p_end_time AND end_time > p_start_time) OR
        (p_start_time < end_time AND p_end_time > start_time)
    )
    AND (p_exclude_id IS NULL OR id != p_exclude_id);

    SET p_has_conflict = (conflict_count > 0);
END$$

--
-- Functions
--
CREATE DEFINER=`root`@`localhost` FUNCTION `GetTeacherWeeklySchedule` (`p_teacher_username` VARCHAR(255), `p_school_id` INT) RETURNS TEXT CHARSET utf8mb4 COLLATE utf8mb4_general_ci DETERMINISTIC READS SQL DATA BEGIN
    DECLARE result TEXT DEFAULT '';

    SELECT GROUP_CONCAT(
        CONCAT(
            day_of_week, ': ',
            subject, ' - ',
            section, ' (',
            TIME_FORMAT(start_time, '%h:%i %p'), ' - ',
            TIME_FORMAT(end_time, '%h:%i %p'), ')',
            IF(room IS NOT NULL, CONCAT(' in ', room), '')
        ) ORDER BY 
            FIELD(day_of_week, 'Monday','Tuesday','Wednesday','Thursday','Friday','Saturday'),
            start_time
        SEPARATOR '\n'
    ) INTO result
    FROM teacher_schedules
    WHERE teacher_username = p_teacher_username
    AND school_id = p_school_id
    AND status = 'active';

    RETURN IFNULL(result, 'No schedules found');
END$$

DELIMITER ;

-- --------------------------------------------------------

--
-- Table structure for table `activity_logs`
--

CREATE TABLE `activity_logs` (
  `id` int(11) NOT NULL,
  `user_id` int(11) DEFAULT NULL,
  `action_type` enum('attendance_scan','settings_change','file_action','user_action','system_change','data_export','offline_sync') NOT NULL,
  `action_description` text NOT NULL,
  `affected_table` varchar(50) DEFAULT NULL,
  `affected_id` int(11) DEFAULT NULL,
  `ip_address` varchar(45) DEFAULT NULL,
  `user_agent` text DEFAULT NULL,
  `created_at` datetime NOT NULL,
  `additional_data` longtext CHARACTER SET utf8mb4 COLLATE utf8mb4_bin DEFAULT NULL CHECK (json_valid(`additional_data`)),
  `school_id` int(11) DEFAULT 1
) ENGINE=InnoDB DEFAULT CHARSET=utf8mb4 COLLATE=utf8mb4_general_ci;

--
-- Dumping data for table `activity_logs`
--

INSERT INTO `activity_logs` (`id`, `user_id`, `action_type`, `action_description`, `affected_table`, `affected_id`, `ip_address`, `user_agent`, `created_at`, `additional_data`, `school_id`) VALUES
(1, 19, 'settings_change', 'Updated academic settings: School Year: 2025-2026, Semester: 1st Semester', 'user_settings', NULL, '127.0.0.1', 'Mozilla/5.0 (Windows NT 10.0; Win64; x64) AppleWebKit/537.36 (KHTML, like Gecko) qr-electron/1.0.0 Chrome/122.0.6261.156 Electron/29.4.6 Safari/537.36', '2025-06-21 13:41:00', '{\"school_year\":{\"old\":\"2024-2025\",\"new\":\"2025-2026\"},\"semester\":{\"old\":\"2nd Semester\",\"new\":\"1st Semester\"}}', 1),
(2, 21, '', 'Deleted attendance record #1', 'tbl_attendance', 1, '::1', 'Mozilla/5.0 (Windows NT 10.0; Win64; x64) AppleWebKit/537.36 (KHTML, like Gecko) Chrome/137.0.0.0 Safari/537.36', '2025-06-21 17:06:15', '{\"tbl_attendance_id\":1,\"tbl_student_id\":1,\"time_in\":\"2025-06-21 15:27:15\",\"status\":\"On Time\",\"time_out\":null,\"instructor_id\":1,\"subject_id\":1}', 1),
(3, 21, 'data_export', 'Exported attendance records in pdf format', 'tbl_attendance', NULL, '::1', 'Mozilla/5.0 (Windows NT 10.0; Win64; x64) AppleWebKit/537.36 (KHTML, like Gecko) Chrome/137.0.0.0 Safari/537.36', '2025-06-25 19:41:09', '{\"format\":\"pdf\",\"start_date\":\"2025-06-18\",\"end_date\":\"2025-06-25\",\"course_section\":\"\",\"day\":\"\",\"record_count\":2}', 1),
(4, 21, 'data_export', 'Exported attendance records in pdf format', 'tbl_attendance', NULL, '::1', 'Mozilla/5.0 (Windows NT 10.0; Win64; x64) AppleWebKit/537.36 (KHTML, like Gecko) Chrome/137.0.0.0 Safari/537.36', '2025-06-25 19:42:20', '{\"format\":\"pdf\",\"start_date\":\"2025-06-18\",\"end_date\":\"2025-06-25\",\"course_section\":\"\",\"day\":\"\",\"record_count\":2}', 1),
(5, 21, 'data_export', 'Exported attendance records in csv format', 'tbl_attendance', NULL, '::1', 'Mozilla/5.0 (Windows NT 10.0; Win64; x64) AppleWebKit/537.36 (KHTML, like Gecko) Chrome/137.0.0.0 Safari/537.36', '2025-06-25 19:43:04', '{\"format\":\"csv\",\"start_date\":\"2025-06-18\",\"end_date\":\"2025-06-25\",\"course_section\":\"\",\"day\":\"\",\"record_count\":2}', 1),
(6, 24, 'settings_change', 'Updated school information', 'school_info', 1, '::1', 'Mozilla/5.0 (Windows NT 10.0; Win64; x64) AppleWebKit/537.36 (KHTML, like Gecko) Chrome/138.0.0.0 Safari/537.36', '2025-07-17 03:36:06', '{\"school_name\":{\"old\":null,\"new\":\"Comsite\"},\"school_address\":{\"old\":null,\"new\":\"san pedro\"},\"school_contact\":{\"old\":null,\"new\":\"12345678901\"},\"school_email\":{\"old\":null,\"new\":\"school@email.com\"},\"school_website\":{\"old\":null,\"new\":\"http:\\/\\/www.school.com\"},\"school_motto\":{\"old\":null,\"new\":\"motto\"},\"school_vision\":{\"old\":null,\"new\":\"vision\"},\"school_mission\":{\"old\":null,\"new\":\"mission\"},\"school_logo_path\":{\"old\":null,\"new\":\"admin\\/image\\/school-logo.png\"}}', 1),
(7, NULL, 'settings_change', 'Updated academic settings: School Year: 2025-2026, Semester: 2nd Semester', 'user_settings', NULL, '::1', 'Mozilla/5.0 (Windows NT 10.0; Win64; x64) AppleWebKit/537.36 (KHTML, like Gecko) Chrome/138.0.0.0 Safari/537.36', '2025-07-17 03:37:21', '{\"school_year\":{\"old\":\"\",\"new\":\"2025-2026\"},\"semester\":{\"old\":\"\",\"new\":\"2nd Semester\"}}', 1),
(8, NULL, 'settings_change', 'Updated academic settings: School Year: 2025-2026, Semester: 1st Semester', 'user_settings', NULL, '::1', 'Mozilla/5.0 (Windows NT 10.0; Win64; x64) AppleWebKit/537.36 (KHTML, like Gecko) Chrome/138.0.0.0 Safari/537.36', '2025-07-17 03:37:36', '{\"school_year\":{\"old\":\"2025-2026\",\"new\":\"2025-2026\"},\"semester\":{\"old\":\"2nd Semester\",\"new\":\"1st Semester\"}}', 1),
(9, NULL, 'settings_change', 'Updated academic settings: School Year: 2024-2025, Semester: 1st Semester', 'user_settings', NULL, '::1', 'Mozilla/5.0 (Windows NT 10.0; Win64; x64) AppleWebKit/537.36 (KHTML, like Gecko) Chrome/138.0.0.0 Safari/537.36', '2025-07-17 03:37:39', '{\"school_year\":{\"old\":\"2025-2026\",\"new\":\"2024-2025\"},\"semester\":{\"old\":\"1st Semester\",\"new\":\"1st Semester\"}}', 1),
(10, NULL, 'settings_change', 'Updated academic settings: School Year: 2024-2025, Semester: 1st Semester', 'user_settings', NULL, '::1', 'Mozilla/5.0 (Windows NT 10.0; Win64; x64) AppleWebKit/537.36 (KHTML, like Gecko) Chrome/138.0.0.0 Safari/537.36', '2025-07-17 03:37:40', '{\"school_year\":{\"old\":\"2024-2025\",\"new\":\"2024-2025\"},\"semester\":{\"old\":\"1st Semester\",\"new\":\"1st Semester\"}}', 1),
(11, NULL, 'settings_change', 'Updated academic settings: School Year: 2024-2025, Semester: 1st Semester', 'user_settings', NULL, '::1', 'Mozilla/5.0 (Windows NT 10.0; Win64; x64) AppleWebKit/537.36 (KHTML, like Gecko) Chrome/138.0.0.0 Safari/537.36', '2025-07-17 03:37:41', '{\"school_year\":{\"old\":\"2024-2025\",\"new\":\"2024-2025\"},\"semester\":{\"old\":\"1st Semester\",\"new\":\"1st Semester\"}}', 1),
(12, NULL, 'settings_change', 'Updated academic settings: School Year: 2024-2025, Semester: 1st Semester', 'user_settings', NULL, '::1', 'Mozilla/5.0 (Windows NT 10.0; Win64; x64) AppleWebKit/537.36 (KHTML, like Gecko) Chrome/138.0.0.0 Safari/537.36', '2025-07-17 03:37:41', '{\"school_year\":{\"old\":\"2024-2025\",\"new\":\"2024-2025\"},\"semester\":{\"old\":\"1st Semester\",\"new\":\"1st Semester\"}}', 1),
(13, NULL, 'settings_change', 'Updated academic settings: School Year: 2024-2025, Semester: 2nd Semester', 'user_settings', NULL, '::1', 'Mozilla/5.0 (Windows NT 10.0; Win64; x64) AppleWebKit/537.36 (KHTML, like Gecko) Chrome/138.0.0.0 Safari/537.36', '2025-07-17 03:37:43', '{\"school_year\":{\"old\":\"2024-2025\",\"new\":\"2024-2025\"},\"semester\":{\"old\":\"1st Semester\",\"new\":\"2nd Semester\"}}', 1),
(14, NULL, 'settings_change', 'Updated academic settings: School Year: 2025-2026, Semester: 2nd Semester', 'user_settings', NULL, '::1', 'Mozilla/5.0 (Windows NT 10.0; Win64; x64) AppleWebKit/537.36 (KHTML, like Gecko) Chrome/138.0.0.0 Safari/537.36', '2025-07-17 12:47:14', '{\"school_year\":{\"old\":\"\",\"new\":\"2025-2026\"},\"semester\":{\"old\":\"\",\"new\":\"2nd Semester\"}}', 1),
(15, NULL, 'settings_change', 'Updated academic settings: School Year: 2025-2026, Semester: 2nd Semester', 'user_settings', NULL, '::1', 'Mozilla/5.0 (Windows NT 10.0; Win64; x64) AppleWebKit/537.36 (KHTML, like Gecko) Chrome/138.0.0.0 Safari/537.36', '2025-07-17 12:47:24', '{\"school_year\":{\"old\":\"2025-2026\",\"new\":\"2025-2026\"},\"semester\":{\"old\":\"2nd Semester\",\"new\":\"2nd Semester\"}}', 1),
(16, 23, 'settings_change', 'Updated school information', 'school_info', 1, '::1', 'Mozilla/5.0 (Windows NT 10.0; Win64; x64) AppleWebKit/537.36 (KHTML, like Gecko) Chrome/138.0.0.0 Safari/537.36', '2025-07-17 12:47:35', '{\"school_name\":{\"old\":null,\"new\":\"San Pedro City Polytechnic College\"}}', 1),
(17, 23, 'settings_change', 'Updated school information', 'school_info', 1, '::1', 'Mozilla/5.0 (Windows NT 10.0; Win64; x64) AppleWebKit/537.36 (KHTML, like Gecko) Chrome/138.0.0.0 Safari/537.36', '2025-07-17 13:01:15', '{\"school_name\":{\"old\":\"School Name\",\"new\":\"San Pedro City Polytechnic College\"},\"school_address\":{\"old\":\"School Address\",\"new\":\"\"},\"school_contact\":{\"old\":\"Contact Number\",\"new\":\"\"},\"school_email\":{\"old\":\"school@email.com\",\"new\":\"\"},\"school_website\":{\"old\":\"www.schoolwebsite.com\",\"new\":\"\"},\"school_motto\":{\"old\":\"School Motto\",\"new\":\"\"},\"school_vision\":{\"old\":\"School Vision\",\"new\":\"\"},\"school_mission\":{\"old\":\"School Mission\",\"new\":\"\"}}', 1),
(18, NULL, 'settings_change', 'Updated academic settings: School Year: 2025-2026, Semester: 2nd Semester', 'user_settings', NULL, '::1', 'Mozilla/5.0 (Windows NT 10.0; Win64; x64) AppleWebKit/537.36 (KHTML, like Gecko) Chrome/138.0.0.0 Safari/537.36', '2025-07-17 13:01:21', '{\"school_year\":{\"old\":\"2025-2026\",\"new\":\"2025-2026\"},\"semester\":{\"old\":\"2nd Semester\",\"new\":\"2nd Semester\"}}', 1),
(19, NULL, 'settings_change', 'Updated academic settings: School Year: 2025-2026, Semester: 2nd Semester', 'user_settings', NULL, '::1', 'Mozilla/5.0 (Windows NT 10.0; Win64; x64) AppleWebKit/537.36 (KHTML, like Gecko) Chrome/138.0.0.0 Safari/537.36', '2025-07-17 13:18:58', '{\"school_year\":{\"old\":\"2025-2026\",\"new\":\"2025-2026\"},\"semester\":{\"old\":\"2nd Semester\",\"new\":\"2nd Semester\"}}', 1),
(20, 23, 'settings_change', 'Updated school information', 'school_info', 1, '::1', 'Mozilla/5.0 (Windows NT 10.0; Win64; x64) AppleWebKit/537.36 (KHTML, like Gecko) Chrome/138.0.0.0 Safari/537.36', '2025-07-17 13:19:56', '{\"school_logo_path\":{\"old\":\"admin\\/image\\/SPCPC-logo-trans.png\",\"new\":\"admin\\/image\\/school-logo.png\"}}', 1),
(21, 23, 'settings_change', 'Updated school information', 'school_info', 1, '::1', 'Mozilla/5.0 (Windows NT 10.0; Win64; x64) AppleWebKit/537.36 (KHTML, like Gecko) Chrome/138.0.0.0 Safari/537.36', '2025-07-17 13:20:20', '{\"school_logo_path\":{\"old\":\"admin\\/image\\/school-logo.png\",\"new\":\"admin\\/image\\/school-logo.png\"}}', 1),
(22, NULL, 'settings_change', 'Updated academic settings: School Year: 2025-2026, Semester: 2nd Semester', 'user_settings', NULL, '::1', 'Mozilla/5.0 (Windows NT 10.0; Win64; x64) AppleWebKit/537.36 (KHTML, like Gecko) Chrome/138.0.0.0 Safari/537.36', '2025-07-17 13:31:47', '{\"school_year\":{\"old\":\"2025-2026\",\"new\":\"2025-2026\"},\"semester\":{\"old\":\"2nd Semester\",\"new\":\"2nd Semester\"}}', 1),
(23, NULL, 'settings_change', 'Updated academic settings: School Year: 2025-2026, Semester: 2nd Semester', 'user_settings', NULL, '::1', 'Mozilla/5.0 (Linux; Android 6.0; Nexus 5 Build/MRA58N) AppleWebKit/537.36 (KHTML, like Gecko) Chrome/138.0.0.0 Mobile Safari/537.36', '2025-07-17 13:32:01', '{\"school_year\":{\"old\":\"2025-2026\",\"new\":\"2025-2026\"},\"semester\":{\"old\":\"2nd Semester\",\"new\":\"2nd Semester\"}}', 1),
(24, NULL, 'settings_change', 'Updated academic settings: School Year: 2025-2026, Semester: 2nd Semester', 'user_settings', NULL, '::1', 'Mozilla/5.0 (Windows NT 10.0; Win64; x64) AppleWebKit/537.36 (KHTML, like Gecko) Chrome/138.0.0.0 Safari/537.36', '2025-07-17 13:36:30', '{\"school_year\":{\"old\":\"2025-2026\",\"new\":\"2025-2026\"},\"semester\":{\"old\":\"2nd Semester\",\"new\":\"2nd Semester\"}}', 1),
(25, NULL, 'settings_change', 'Updated academic settings: School Year: 2025-2026, Semester: 2nd Semester', 'user_settings', NULL, '::1', 'Mozilla/5.0 (Windows NT 10.0; Win64; x64) AppleWebKit/537.36 (KHTML, like Gecko) Chrome/138.0.0.0 Safari/537.36', '2025-07-17 13:36:35', '{\"school_year\":{\"old\":\"2025-2026\",\"new\":\"2025-2026\"},\"semester\":{\"old\":\"2nd Semester\",\"new\":\"2nd Semester\"}}', 1),
(26, 23, 'settings_change', 'Updated academic settings: School Year: 2025-2026, Semester: 2nd Semester', 'user_settings', NULL, '::1', 'Mozilla/5.0 (Windows NT 10.0; Win64; x64) AppleWebKit/537.36 (KHTML, like Gecko) Chrome/138.0.0.0 Safari/537.36', '2025-07-17 14:01:24', '{\"school_year\":{\"old\":\"\",\"new\":\"2025-2026\"},\"semester\":{\"old\":\"\",\"new\":\"2nd Semester\"}}', 1),
(27, 23, 'settings_change', 'Updated academic settings: School Year: 2024-2025, Semester: 2nd Semester', 'user_settings', NULL, '::1', 'Mozilla/5.0 (Windows NT 10.0; Win64; x64) AppleWebKit/537.36 (KHTML, like Gecko) Chrome/138.0.0.0 Safari/537.36', '2025-07-17 14:01:30', '{\"school_year\":{\"old\":\"2025-2026\",\"new\":\"2024-2025\"},\"semester\":{\"old\":\"2nd Semester\",\"new\":\"2nd Semester\"}}', 1),
(28, 23, 'settings_change', 'Updated academic settings: School Year: 2025-2026, Semester: 1st Semester', 'user_settings', NULL, '::1', 'Mozilla/5.0 (Windows NT 10.0; Win64; x64) AppleWebKit/537.36 (KHTML, like Gecko) Chrome/138.0.0.0 Safari/537.36', '2025-07-17 14:01:40', '{\"school_year\":{\"old\":\"2024-2025\",\"new\":\"2025-2026\"},\"semester\":{\"old\":\"2nd Semester\",\"new\":\"1st Semester\"}}', 1),
(29, 24, 'settings_change', 'Updated school information', 'school_info', 1, '::1', 'Mozilla/5.0 (Windows NT 10.0; Win64; x64) AppleWebKit/537.36 (KHTML, like Gecko) Chrome/138.0.0.0 Safari/537.36', '2025-07-17 14:15:01', '{\"school_name\":{\"old\":\"San Pedro City Polytechnic College\",\"new\":\"Computer Site Inc.\"},\"school_logo_path\":{\"old\":\"admin\\/image\\/school-logo.png\",\"new\":\"admin\\/image\\/school-logo.png\"}}', 1),
(30, 24, 'settings_change', 'Updated school information', 'school_info', 1, '::1', 'Mozilla/5.0 (Windows NT 10.0; Win64; x64) AppleWebKit/537.36 (KHTML, like Gecko) Chrome/138.0.0.0 Safari/537.36', '2025-07-17 14:15:09', '{\"school_logo_path\":{\"old\":\"admin\\/image\\/school-logo.png\",\"new\":\"admin\\/image\\/school-logo.png\"}}', 1),
(31, 23, 'settings_change', 'Updated school information', 'school_info', 1, '::1', 'Mozilla/5.0 (Windows NT 10.0; Win64; x64) AppleWebKit/537.36 (KHTML, like Gecko) Chrome/138.0.0.0 Safari/537.36', '2025-07-17 14:15:36', '{\"school_name\":{\"old\":\"Computer Site Inc.\",\"new\":\"San Pedro City Polytechnic College\"}}', 1),
(32, 23, 'settings_change', 'Updated school information', 'school_info', 1, '::1', 'Mozilla/5.0 (Windows NT 10.0; Win64; x64) AppleWebKit/537.36 (KHTML, like Gecko) Chrome/138.0.0.0 Safari/537.36', '2025-07-17 14:37:33', '{\"school_logo_path\":{\"old\":\"admin\\/image\\/school-logo.png\",\"new\":\"admin\\/image\\/school-logo.png\"}}', 1),
(33, 23, 'settings_change', 'Updated school information', 'school_info', 1, '::1', 'Mozilla/5.0 (Windows NT 10.0; Win64; x64) AppleWebKit/537.36 (KHTML, like Gecko) Chrome/138.0.0.0 Safari/537.36', '2025-07-17 14:37:48', '{\"school_logo_path\":{\"old\":\"admin\\/image\\/school-logo.png\",\"new\":\"admin\\/image\\/school-logo.png\"}}', 1),
(34, 23, 'settings_change', 'Updated school information', 'school_info', 1, '::1', 'Mozilla/5.0 (Windows NT 10.0; Win64; x64) AppleWebKit/537.36 (KHTML, like Gecko) Chrome/138.0.0.0 Safari/537.36', '2025-07-17 14:37:58', '{\"school_logo_path\":{\"old\":\"admin\\/image\\/school-logo.png\",\"new\":\"admin\\/image\\/school-logo.png\"}}', 1),
(35, 23, 'settings_change', 'Updated school information', 'school_info', 1, '::1', 'Mozilla/5.0 (Windows NT 10.0; Win64; x64) AppleWebKit/537.36 (KHTML, like Gecko) Chrome/138.0.0.0 Safari/537.36', '2025-07-17 14:41:17', '{\"school_logo_path\":{\"old\":\"admin\\/image\\/school-logo.png\",\"new\":\"admin\\/image\\/school-logo.png\"}}', 1),
(36, 23, 'settings_change', 'Updated school information', 'school_info', 1, '::1', 'Mozilla/5.0 (Windows NT 10.0; Win64; x64) AppleWebKit/537.36 (KHTML, like Gecko) Chrome/138.0.0.0 Safari/537.36', '2025-07-17 14:48:47', '{\"school_logo_path\":{\"old\":\"admin\\/image\\/school-logo.png\",\"new\":\"admin\\/image\\/school-logo.png\"}}', 1),
(37, 23, 'settings_change', 'Updated school information', 'school_info', 1, '::1', 'Mozilla/5.0 (Windows NT 10.0; Win64; x64) AppleWebKit/537.36 (KHTML, like Gecko) Chrome/138.0.0.0 Safari/537.36', '2025-07-17 14:51:20', '{\"school_logo_path\":{\"old\":\"admin\\/image\\/school-logo.png\",\"new\":\"admin\\/image\\/school-logo.png\"}}', 1),
(38, 23, 'settings_change', 'Updated school information', 'school_info', 1, '::1', 'Mozilla/5.0 (Windows NT 10.0; Win64; x64) AppleWebKit/537.36 (KHTML, like Gecko) Chrome/138.0.0.0 Safari/537.36', '2025-07-17 14:51:42', '{\"school_logo_path\":{\"old\":\"admin\\/image\\/school-logo.png\",\"new\":\"admin\\/image\\/school-logo.png\"}}', 1),
(39, 23, 'settings_change', 'Updated school information', 'school_info', 1, '::1', 'Mozilla/5.0 (Windows NT 10.0; Win64; x64) AppleWebKit/537.36 (KHTML, like Gecko) Chrome/138.0.0.0 Safari/537.36', '2025-07-17 14:51:47', '{\"school_logo_path\":{\"old\":\"admin\\/image\\/school-logo.png\",\"new\":\"admin\\/image\\/school-logo.png\"}}', 1),
(40, 23, 'settings_change', 'Updated school information', 'school_info', 1, '::1', 'Mozilla/5.0 (Windows NT 10.0; Win64; x64) AppleWebKit/537.36 (KHTML, like Gecko) Chrome/138.0.0.0 Safari/537.36', '2025-07-17 14:52:03', '{\"school_logo_path\":{\"old\":\"admin\\/image\\/school-logo.png\",\"new\":\"admin\\/image\\/school-logo.png\"}}', 1),
(41, 24, 'settings_change', 'Updated school information', 'school_info', 1, '::1', 'Mozilla/5.0 (Windows NT 10.0; Win64; x64) AppleWebKit/537.36 (KHTML, like Gecko) Chrome/138.0.0.0 Safari/537.36', '2025-07-17 16:05:54', '{\"school_name\":{\"old\":\"San Pedro City Polytechnic College\",\"new\":\"Computer Site Inc.\"},\"school_logo_path\":{\"old\":\"admin\\/image\\/school-logo.png\",\"new\":\"admin\\/image\\/school-logo.png\"}}', 1),
(42, 23, 'settings_change', 'Updated school information', 'school_info', 1, '::1', 'Mozilla/5.0 (Windows NT 10.0; Win64; x64) AppleWebKit/537.36 (KHTML, like Gecko) Chrome/138.0.0.0 Safari/537.36', '2025-07-17 16:06:19', '{\"school_logo_path\":{\"old\":\"admin\\/image\\/school-logo.png\",\"new\":\"admin\\/image\\/school-logo.png\"}}', 1),
(43, 24, 'settings_change', 'Updated school information', 'school_info', 2, '::1', 'Mozilla/5.0 (Windows NT 10.0; Win64; x64) AppleWebKit/537.36 (KHTML, like Gecko) Chrome/138.0.0.0 Safari/537.36', '2025-07-17 16:14:38', '{\"school_name\":{\"old\":\"School Name\",\"new\":\"San Pedro City Polytechnic College\"},\"school_address\":{\"old\":\"School Address\",\"new\":\"\"},\"school_contact\":{\"old\":\"Contact Number\",\"new\":\"\"},\"school_email\":{\"old\":\"school@email.com\",\"new\":\"\"},\"school_website\":{\"old\":\"www.schoolwebsite.com\",\"new\":\"\"},\"school_motto\":{\"old\":\"School Motto\",\"new\":\"\"},\"school_vision\":{\"old\":\"School Vision\",\"new\":\"\"},\"school_mission\":{\"old\":\"School Mission\",\"new\":\"\"}}', 1),
(44, 24, 'settings_change', 'Updated school information', 'school_info', 2, '::1', 'Mozilla/5.0 (Windows NT 10.0; Win64; x64) AppleWebKit/537.36 (KHTML, like Gecko) Chrome/138.0.0.0 Safari/537.36', '2025-07-17 16:14:45', '{\"school_logo_path\":{\"old\":\"admin\\/image\\/SPCPC-logo-trans.png\",\"new\":\"admin\\/image\\/school-logo-2.png\"}}', 1),
(45, 24, 'settings_change', 'Updated school information', 'school_info', 2, '::1', 'Mozilla/5.0 (Windows NT 10.0; Win64; x64) AppleWebKit/537.36 (KHTML, like Gecko) Chrome/138.0.0.0 Safari/537.36', '2025-07-17 16:15:17', '{\"school_name\":{\"old\":\"San Pedro City Polytechnic College\",\"new\":\"Computer Site Inc.\"}}', 1),
(46, 23, 'settings_change', 'Updated school information', 'school_info', 1, '::1', 'Mozilla/5.0 (Windows NT 10.0; Win64; x64) AppleWebKit/537.36 (KHTML, like Gecko) Chrome/138.0.0.0 Safari/537.36', '2025-07-17 16:15:36', '{\"school_name\":{\"old\":\"Computer Site Inc.\",\"new\":\"San Pedro City Polytechnic College\"}}', 1),
(47, 24, 'settings_change', 'Updated school information', 'school_info', 2, '::1', 'Mozilla/5.0 (Windows NT 10.0; Win64; x64) AppleWebKit/537.36 (KHTML, like Gecko) Chrome/138.0.0.0 Safari/537.36', '2025-07-17 16:16:51', '{\"school_logo_path\":{\"old\":\"admin\\/image\\/school-logo-2.png\",\"new\":\"admin\\/image\\/school-logo-2.png\"}}', 1),
(48, 24, 'settings_change', 'Updated school information', 'school_info', 2, '::1', 'Mozilla/5.0 (Windows NT 10.0; Win64; x64) AppleWebKit/537.36 (KHTML, like Gecko) Chrome/138.0.0.0 Safari/537.36', '2025-07-17 16:22:59', '{\"school_logo_path\":{\"old\":\"admin\\/image\\/school-logo-2.png\",\"new\":\"admin\\/image\\/school-logo-2.png\"}}', 1),
(49, 24, 'settings_change', 'Updated school information', 'school_info', 2, '::1', 'Mozilla/5.0 (Windows NT 10.0; Win64; x64) AppleWebKit/537.36 (KHTML, like Gecko) Chrome/138.0.0.0 Safari/537.36', '2025-07-17 16:24:23', '{\"school_logo_path\":{\"old\":\"admin\\/image\\/school-logo-2.png\",\"new\":\"admin\\/image\\/school-logo-2.png\"}}', 1),
(50, 24, 'settings_change', 'Updated school information', 'school_info', 2, '::1', 'Mozilla/5.0 (Windows NT 10.0; Win64; x64) AppleWebKit/537.36 (KHTML, like Gecko) Chrome/138.0.0.0 Safari/537.36', '2025-07-17 16:24:31', '{\"school_logo_path\":{\"old\":\"admin\\/image\\/school-logo-2.png\",\"new\":\"admin\\/image\\/school-logo-2.png\"}}', 1),
(51, 24, 'settings_change', 'Updated school information', 'school_info', 2, '::1', 'Mozilla/5.0 (Windows NT 10.0; Win64; x64) AppleWebKit/537.36 (KHTML, like Gecko) Chrome/138.0.0.0 Safari/537.36', '2025-07-17 16:24:37', '{\"school_logo_path\":{\"old\":\"admin\\/image\\/school-logo-2.png\",\"new\":\"admin\\/image\\/school-logo-2.png\"}}', 1),
(52, 24, 'settings_change', 'Updated academic settings: School Year: 2025-2026, Semester: 2nd Semester', 'user_settings', NULL, '::1', 'Mozilla/5.0 (Windows NT 10.0; Win64; x64) AppleWebKit/537.36 (KHTML, like Gecko) Chrome/138.0.0.0 Safari/537.36', '2025-07-27 15:21:59', '{\"school_year\":{\"old\":\"\",\"new\":\"2025-2026\"},\"semester\":{\"old\":\"\",\"new\":\"2nd Semester\"}}', 1);

-- --------------------------------------------------------

--
-- Table structure for table `attendance_grades`
--

CREATE TABLE `attendance_grades` (
  `id` int(11) NOT NULL,
  `student_id` int(11) NOT NULL,
  `course_id` int(11) NOT NULL,
  `term` varchar(50) NOT NULL,
  `section` varchar(50) NOT NULL,
  `attendance_rate` decimal(5,2) NOT NULL,
  `attendance_grade` decimal(3,2) NOT NULL,
  `last_updated` timestamp NOT NULL DEFAULT current_timestamp() ON UPDATE current_timestamp(),
  `school_id` int(11) DEFAULT 1
) ENGINE=InnoDB DEFAULT CHARSET=utf8mb4 COLLATE=utf8mb4_general_ci;

-- --------------------------------------------------------

--
-- Table structure for table `attendance_logs`
--

CREATE TABLE `attendance_logs` (
  `id` int(11) NOT NULL,
  `session_id` int(11) NOT NULL,
  `student_id` int(11) NOT NULL,
  `scan_time` datetime NOT NULL,
  `created_at` timestamp NOT NULL DEFAULT current_timestamp(),
  `school_id` int(11) DEFAULT 1
) ENGINE=InnoDB DEFAULT CHARSET=utf8mb4 COLLATE=utf8mb4_general_ci;

-- --------------------------------------------------------

--
-- Table structure for table `attendance_sessions`
--

CREATE TABLE `attendance_sessions` (
  `id` int(11) NOT NULL,
  `course_id` int(11) NOT NULL,
  `term` varchar(50) NOT NULL,
  `section` varchar(50) NOT NULL,
  `instructor_id` int(11) NOT NULL,
  `start_time` datetime NOT NULL,
  `end_time` datetime NOT NULL,
  `created_at` timestamp NOT NULL DEFAULT current_timestamp(),
  `school_id` int(11) DEFAULT 1
) ENGINE=InnoDB DEFAULT CHARSET=utf8mb4 COLLATE=utf8mb4_general_ci;

-- --------------------------------------------------------

--
-- Table structure for table `class_schedules`
--

CREATE TABLE `class_schedules` (
  `id` int(11) NOT NULL,
  `subject` varchar(255) NOT NULL,
  `course_section` varchar(100) NOT NULL,
  `instructor_name` varchar(255) NOT NULL,
  `room` varchar(100) DEFAULT NULL,
  `start_time` time NOT NULL,
  `end_time` time NOT NULL,
  `days_of_week` varchar(50) NOT NULL,
  `school_id` int(11) DEFAULT 1,
  `created_at` timestamp NOT NULL DEFAULT current_timestamp(),
  `updated_at` timestamp NOT NULL DEFAULT current_timestamp() ON UPDATE current_timestamp()
) ENGINE=InnoDB DEFAULT CHARSET=utf8mb4 COLLATE=utf8mb4_unicode_ci;

--
-- Dumping data for table `class_schedules`
--

INSERT INTO `class_schedules` (`id`, `subject`, `course_section`, `instructor_name`, `room`, `start_time`, `end_time`, `days_of_week`, `school_id`, `created_at`, `updated_at`) VALUES
(1, 'Mathematics', 'BSIT-1A', 'teacher1', 'Room 101', '08:00:00', '09:30:00', 'Monday', 1, '2025-07-27 10:16:13', '2025-07-27 10:16:13'),
(2, 'Physics', 'BSIT-1B', 'teacher1', 'Room 102', '10:00:00', '11:30:00', 'Monday', 1, '2025-07-27 10:16:13', '2025-07-27 10:16:13'),
(3, 'Computer Science', 'BSIT-2A', 'teacher1', 'Computer Lab', '08:00:00', '09:30:00', 'Tuesday', 1, '2025-07-27 10:16:13', '2025-07-27 10:16:13'),
(4, 'Programming', 'BSIT-2B', 'teacher1', 'Computer Lab', '10:00:00', '11:30:00', 'Tuesday', 1, '2025-07-27 10:16:13', '2025-07-27 10:16:13'),
(5, 'Database Management', 'BSIT-3A', 'teacher1', 'Room 103', '08:00:00', '09:30:00', 'Wednesday', 1, '2025-07-27 10:16:13', '2025-07-27 10:16:13'),
(6, 'Web Development', 'BSIT-3B', 'teacher1', 'Computer Lab', '10:00:00', '11:30:00', 'Wednesday', 1, '2025-07-27 10:16:13', '2025-07-27 10:16:13');

-- --------------------------------------------------------

--
-- Table structure for table `class_time_settings`
--

CREATE TABLE `class_time_settings` (
  `id` int(11) NOT NULL,
  `instructor_name` varchar(100) NOT NULL,
  `course_section` varchar(100) NOT NULL,
  `subject` varchar(100) NOT NULL,
  `start_time` time NOT NULL,
  `end_time` time NOT NULL,
  `days_of_week` varchar(100) NOT NULL,
  `school_id` int(11) NOT NULL,
  `created_at` timestamp NOT NULL DEFAULT current_timestamp(),
  `updated_at` timestamp NOT NULL DEFAULT current_timestamp() ON UPDATE current_timestamp()
) ENGINE=InnoDB DEFAULT CHARSET=utf8mb4 COLLATE=utf8mb4_general_ci;

-- --------------------------------------------------------

--
-- Table structure for table `courses`
--

CREATE TABLE `courses` (
  `id` int(11) NOT NULL,
  `course_name` varchar(100) NOT NULL,
  `expected_meetings` int(11) DEFAULT 0,
  `created_at` timestamp NOT NULL DEFAULT current_timestamp(),
  `school_id` int(11) DEFAULT 1
) ENGINE=InnoDB DEFAULT CHARSET=utf8mb4 COLLATE=utf8mb4_general_ci;

-- --------------------------------------------------------

--
-- Table structure for table `offline_data`
--

CREATE TABLE `offline_data` (
  `id` int(11) NOT NULL,
  `table_name` varchar(50) NOT NULL,
  `action_type` enum('insert','update','delete') NOT NULL,
  `data` longtext CHARACTER SET utf8mb4 COLLATE utf8mb4_bin NOT NULL CHECK (json_valid(`data`)),
  `status` enum('pending','synced','failed') DEFAULT 'pending',
  `created_at` datetime NOT NULL,
  `synced_at` datetime DEFAULT NULL,
  `sync_attempts` int(11) DEFAULT 0,
  `error_message` text DEFAULT NULL,
  `school_id` int(11) DEFAULT 1
) ENGINE=InnoDB DEFAULT CHARSET=utf8mb4 COLLATE=utf8mb4_general_ci;

-- --------------------------------------------------------

--
-- Table structure for table `school_info`
--

CREATE TABLE `school_info` (
  `id` int(11) NOT NULL,
  `school_name` varchar(255) NOT NULL,
  `school_address` text DEFAULT NULL,
  `school_contact` varchar(50) DEFAULT NULL,
  `school_email` varchar(100) DEFAULT NULL,
  `school_website` varchar(255) DEFAULT NULL,
  `school_logo_path` varchar(255) DEFAULT NULL,
  `school_motto` text DEFAULT NULL,
  `school_vision` text DEFAULT NULL,
  `school_mission` text DEFAULT NULL,
  `created_at` datetime NOT NULL,
  `updated_at` datetime NOT NULL,
  `school_id` int(11) DEFAULT 1
) ENGINE=InnoDB DEFAULT CHARSET=utf8mb4 COLLATE=utf8mb4_general_ci;

--
-- Dumping data for table `school_info`
--

INSERT INTO `school_info` (`id`, `school_name`, `school_address`, `school_contact`, `school_email`, `school_website`, `school_logo_path`, `school_motto`, `school_vision`, `school_mission`, `created_at`, `updated_at`, `school_id`) VALUES
(1, 'San Pedro City Polytechnic College', '', '', '', '', 'admin/image/school-logo.png', '', '', '', '2025-07-17 13:01:15', '2025-07-17 16:15:36', 1),
(2, 'Computer Site Inc.', '', '', '', '', 'admin/image/school-logo-2.png', '', '', '', '2025-07-17 16:14:38', '2025-07-17 16:24:37', 2);

-- --------------------------------------------------------

--
-- Table structure for table `tbl_attendance`
--

CREATE TABLE `tbl_attendance` (
  `tbl_attendance_id` int(11) NOT NULL,
  `tbl_student_id` int(11) NOT NULL,
  `time_in` timestamp NOT NULL DEFAULT current_timestamp(),
  `status` varchar(20) DEFAULT NULL,
  `time_out` timestamp NULL DEFAULT NULL,
  `instructor_id` int(11) DEFAULT NULL,
  `subject_id` int(11) DEFAULT NULL,
  `school_id` int(11) DEFAULT 1
) ENGINE=InnoDB DEFAULT CHARSET=latin1 COLLATE=latin1_swedish_ci;

--
-- Dumping data for table `tbl_attendance`
--

INSERT INTO `tbl_attendance` (`tbl_attendance_id`, `tbl_student_id`, `time_in`, `status`, `time_out`, `instructor_id`, `subject_id`, `school_id`) VALUES
(1, 1, '2025-06-23 11:47:02', 'On Time', NULL, NULL, 1, 1),
(2, 1, '2025-06-23 11:49:26', 'Late', NULL, NULL, 3, 1);

-- --------------------------------------------------------

--
-- Table structure for table `tbl_face_recognition_logs`
--

CREATE TABLE `tbl_face_recognition_logs` (
  `log_id` int(11) NOT NULL,
  `student_id` int(11) DEFAULT NULL,
  `recognition_status` enum('success','failed') NOT NULL,
  `timestamp` datetime DEFAULT current_timestamp(),
  `ip_address` varchar(45) DEFAULT NULL,
  `school_id` int(11) DEFAULT 1
) ENGINE=InnoDB DEFAULT CHARSET=utf8mb4 COLLATE=utf8mb4_general_ci;

-- --------------------------------------------------------

--
-- Table structure for table `tbl_face_verification_logs`
--

CREATE TABLE `tbl_face_verification_logs` (
  `log_id` int(11) NOT NULL,
  `student_id` int(11) DEFAULT NULL,
  `student_name` varchar(255) NOT NULL,
  `status` enum('Success','Failed') NOT NULL,
  `verification_time` datetime NOT NULL DEFAULT current_timestamp(),
  `ip_address` varchar(45) NOT NULL,
  `user_agent` varchar(255) DEFAULT NULL,
  `notes` text DEFAULT NULL,
  `school_id` int(11) DEFAULT 1
) ENGINE=InnoDB DEFAULT CHARSET=utf8mb4 COLLATE=utf8mb4_general_ci;

--
-- Dumping data for table `tbl_face_verification_logs`
--

INSERT INTO `tbl_face_verification_logs` (`log_id`, `student_id`, `student_name`, `status`, `verification_time`, `ip_address`, `user_agent`, `notes`, `school_id`) VALUES
(1, NULL, 'Alexander Joerenz Escallente', 'Success', '2025-06-23 19:46:07', '::1', 'Mozilla/5.0 (Windows NT 10.0; Win64; x64) AppleWebKit/537.36 (KHTML, like Gecko) Chrome/137.0.0.0 Safari/537.36', 'Face captured during registration', 1),
(2, NULL, 'BARNEY', 'Success', '2025-07-25 02:01:30', '::1', 'Mozilla/5.0 (Windows NT 10.0; Win64; x64) AppleWebKit/537.36 (KHTML, like Gecko) Chrome/138.0.0.0 Safari/537.36', 'Face captured during registration', 1),
(3, NULL, 'BARNEY', 'Success', '2025-07-25 02:03:56', '::1', 'Mozilla/5.0 (Windows NT 10.0; Win64; x64) AppleWebKit/537.36 (KHTML, like Gecko) Chrome/138.0.0.0 Safari/537.36', 'Face captured during registration', 1),
(4, NULL, 'BARNEY', 'Success', '2025-07-25 02:06:04', '::1', 'Mozilla/5.0 (Windows NT 10.0; Win64; x64) AppleWebKit/537.36 (KHTML, like Gecko) Chrome/138.0.0.0 Safari/537.36', 'Face captured during registration', 1),
(5, NULL, 'BARNEY', 'Success', '2025-07-25 02:06:58', '::1', 'Mozilla/5.0 (Windows NT 10.0; Win64; x64) AppleWebKit/537.36 (KHTML, like Gecko) Chrome/138.0.0.0 Safari/537.36', 'Face captured during registration', 1),
(6, NULL, 'BARNEY', 'Success', '2025-07-25 02:09:45', '::1', 'Mozilla/5.0 (Windows NT 10.0; Win64; x64) AppleWebKit/537.36 (KHTML, like Gecko) Chrome/138.0.0.0 Safari/537.36', 'Face captured during registration', 1),
(7, NULL, 'CONG', 'Success', '2025-07-25 02:10:28', '::1', 'Mozilla/5.0 (Windows NT 10.0; Win64; x64) AppleWebKit/537.36 (KHTML, like Gecko) Chrome/138.0.0.0 Safari/537.36', 'Face captured during registration', 1),
(8, NULL, 'CONG', 'Success', '2025-07-25 02:13:04', '::1', 'Mozilla/5.0 (Windows NT 10.0; Win64; x64) AppleWebKit/537.36 (KHTML, like Gecko) Chrome/138.0.0.0 Safari/537.36', 'Face captured during registration', 1),
(9, NULL, 'CONG', 'Success', '2025-07-25 02:14:45', '::1', 'Mozilla/5.0 (Windows NT 10.0; Win64; x64) AppleWebKit/537.36 (KHTML, like Gecko) Chrome/138.0.0.0 Safari/537.36', 'Face captured during registration', 1),
(10, NULL, 'CONG', 'Success', '2025-07-25 02:15:14', '::1', 'Mozilla/5.0 (Windows NT 10.0; Win64; x64) AppleWebKit/537.36 (KHTML, like Gecko) Chrome/138.0.0.0 Safari/537.36', 'Face captured during registration', 1),
(11, NULL, 'PATRICK STAR', 'Success', '2025-07-27 18:18:56', '::1', 'Mozilla/5.0 (Windows NT 10.0; Win64; x64) AppleWebKit/537.36 (KHTML, like Gecko) Chrome/138.0.0.0 Safari/537.36', 'Face captured during registration', 1),
(12, NULL, 'PATRICK STAR', 'Failed', '2025-07-27 18:18:58', '::1', 'Mozilla/5.0 (Windows NT 10.0; Win64; x64) AppleWebKit/537.36 (KHTML, like Gecko) Chrome/138.0.0.0 Safari/537.36', 'Failed to capture face during registration', 1),
(13, NULL, 'PATRICK STAR', 'Success', '2025-07-27 18:19:06', '::1', 'Mozilla/5.0 (Windows NT 10.0; Win64; x64) AppleWebKit/537.36 (KHTML, like Gecko) Chrome/138.0.0.0 Safari/537.36', 'Face captured during registration', 1),
(14, NULL, 'PATRICK STAR', 'Failed', '2025-07-27 18:19:09', '::1', 'Mozilla/5.0 (Windows NT 10.0; Win64; x64) AppleWebKit/537.36 (KHTML, like Gecko) Chrome/138.0.0.0 Safari/537.36', 'Failed to capture face during registration', 1),
(15, NULL, 'PATRICK STAR', 'Success', '2025-07-27 18:19:17', '::1', 'Mozilla/5.0 (Windows NT 10.0; Win64; x64) AppleWebKit/537.36 (KHTML, like Gecko) Chrome/138.0.0.0 Safari/537.36', 'Face captured during registration', 1),
(16, NULL, 'PATRICK STAR', 'Success', '2025-07-27 18:19:56', '::1', 'Mozilla/5.0 (Windows NT 10.0; Win64; x64) AppleWebKit/537.36 (KHTML, like Gecko) Chrome/138.0.0.0 Safari/537.36', 'Face captured during registration', 1),
(17, NULL, 'Spongebob', 'Success', '2025-07-27 22:02:55', '::1', 'Mozilla/5.0 (Windows NT 10.0; Win64; x64) AppleWebKit/537.36 (KHTML, like Gecko) Chrome/138.0.0.0 Safari/537.36', 'Face captured during registration', 1);

-- --------------------------------------------------------

--
-- Table structure for table `tbl_instructors`
--

CREATE TABLE `tbl_instructors` (
  `instructor_id` int(11) NOT NULL,
  `instructor_name` varchar(100) NOT NULL,
  `subject` varchar(100) NOT NULL,
  `created_at` timestamp NOT NULL DEFAULT current_timestamp(),
  `school_id` int(11) DEFAULT 1
) ENGINE=InnoDB DEFAULT CHARSET=utf8mb4 COLLATE=utf8mb4_general_ci;

-- --------------------------------------------------------

--
-- Table structure for table `tbl_instructor_subjects`
--

CREATE TABLE `tbl_instructor_subjects` (
  `id` int(11) NOT NULL,
  `instructor_id` int(11) NOT NULL,
  `subject_id` int(11) NOT NULL,
  `created_at` timestamp NOT NULL DEFAULT current_timestamp(),
  `school_id` int(11) DEFAULT 1
) ENGINE=InnoDB DEFAULT CHARSET=utf8mb4 COLLATE=utf8mb4_general_ci;

-- --------------------------------------------------------

--
-- Table structure for table `tbl_schedules`
--

CREATE TABLE `tbl_schedules` (
  `id` int(11) NOT NULL,
  `instructor_id` int(11) NOT NULL,
  `instructor_name` varchar(100) NOT NULL,
  `room` varchar(100) NOT NULL,
  `course_section` varchar(100) NOT NULL,
  `day_of_week` enum('Monday','Tuesday','Wednesday','Thursday','Friday','Saturday','Sunday') NOT NULL,
  `start_time` time NOT NULL,
  `end_time` time NOT NULL,
  `created_at` timestamp NOT NULL DEFAULT current_timestamp()
) ENGINE=InnoDB DEFAULT CHARSET=utf8mb4 COLLATE=utf8mb4_general_ci;

-- --------------------------------------------------------

--
-- Table structure for table `tbl_student`
--

CREATE TABLE `tbl_student` (
  `tbl_student_id` int(11) NOT NULL,
  `student_name` varchar(255) NOT NULL,
  `course_section` varchar(255) NOT NULL,
  `generated_code` varchar(255) NOT NULL,
  `face_image` varchar(255) DEFAULT NULL,
  `face_image_path` varchar(255) DEFAULT NULL,
  `school_id` int(11) DEFAULT 1
) ENGINE=InnoDB DEFAULT CHARSET=latin1 COLLATE=latin1_swedish_ci;

--
-- Dumping data for table `tbl_student`
--

INSERT INTO `tbl_student` (`tbl_student_id`, `student_name`, `course_section`, `generated_code`, `face_image`, `face_image_path`, `school_id`) VALUES
(1, 'Alexander Joerenz Escallente', '11 - Mc Gregor', 'aMWhzC2hXG', NULL, 'face_1750679172_68593e847dbc2.jpg', 1),
(2, 'BARNEY', 'BSIT-402', 'ssUxYp95vM', NULL, 'face_1753380589_688276edd95e1.jpg', 1),
(3, 'CONG', 'BSIS-301', 'WGIS83xU7i', NULL, 'face_1753380918_688278364a397.jpg', 1),
(4, 'PATRICK STAR', 'BSIS-302', 'XcxmVL4C9a', NULL, 'face_1753611600_6885fd50f277c.jpg', 1),
(5, 'Spongebob', 'BSIS-302', 'wC7yGt0OQw', NULL, 'face_1753624982_68863196205f5.jpg', 1);

-- --------------------------------------------------------

--
-- Table structure for table `tbl_subjects`
--

CREATE TABLE `tbl_subjects` (
  `subject_id` int(11) NOT NULL,
  `subject_name` varchar(100) NOT NULL,
  `created_at` timestamp NOT NULL DEFAULT current_timestamp(),
  `school_id` int(11) DEFAULT 1
) ENGINE=InnoDB DEFAULT CHARSET=utf8mb4 COLLATE=utf8mb4_general_ci;

--
-- Dumping data for table `tbl_subjects`
--

INSERT INTO `tbl_subjects` (`subject_id`, `subject_name`, `created_at`, `school_id`) VALUES
(1, 'Business Math', '2025-06-21 07:25:54', 1),
(3, 'Organizational Management', '2025-06-21 09:48:17', 1);

-- --------------------------------------------------------

--
-- Table structure for table `teacher_holidays`
--

CREATE TABLE `teacher_holidays` (
  `id` int(11) NOT NULL,
  `holiday_date` date NOT NULL,
  `holiday_name` varchar(255) NOT NULL,
  `holiday_type` enum('national','school','personal') DEFAULT 'school',
  `school_id` int(11) DEFAULT 1,
  `created_by` varchar(255) DEFAULT NULL,
  `created_at` timestamp NOT NULL DEFAULT current_timestamp()
) ENGINE=InnoDB DEFAULT CHARSET=utf8mb4 COLLATE=utf8mb4_unicode_ci;

--
-- Dumping data for table `teacher_holidays`
--

INSERT INTO `teacher_holidays` (`id`, `holiday_date`, `holiday_name`, `holiday_type`, `school_id`, `created_by`, `created_at`) VALUES
(1, '2024-01-01', 'New Year\'s Day', 'national', 1, NULL, '2025-07-27 08:46:39'),
(2, '2024-04-09', 'Day of Valor (Araw ng Kagitingan)', 'national', 1, NULL, '2025-07-27 08:46:39'),
(3, '2024-05-01', 'Labor Day', 'national', 1, NULL, '2025-07-27 08:46:39'),
(4, '2024-06-12', 'Independence Day', 'national', 1, NULL, '2025-07-27 08:46:39'),
(5, '2024-08-21', 'Ninoy Aquino Day', 'national', 1, NULL, '2025-07-27 08:46:39'),
(6, '2024-08-30', 'National Heroes Day', 'national', 1, NULL, '2025-07-27 08:46:39'),
(7, '2024-11-01', 'All Saints\' Day', 'national', 1, NULL, '2025-07-27 08:46:39'),
(8, '2024-11-02', 'All Souls\' Day', 'national', 1, NULL, '2025-07-27 08:46:39'),
(9, '2024-11-30', 'Bonifacio Day', 'national', 1, NULL, '2025-07-27 08:46:39'),
(10, '2024-12-24', 'Christmas Eve', 'national', 1, NULL, '2025-07-27 08:46:39'),
(11, '2024-12-25', 'Christmas Day', 'national', 1, NULL, '2025-07-27 08:46:39'),
(12, '2024-12-30', 'Rizal Day', 'national', 1, NULL, '2025-07-27 08:46:39'),
(13, '2024-12-31', 'New Year\'s Eve', 'national', 1, NULL, '2025-07-27 08:46:39');

-- --------------------------------------------------------

--
-- Table structure for table `teacher_schedules`
--

CREATE TABLE `teacher_schedules` (
  `id` int(11) NOT NULL,
  `teacher_username` varchar(255) NOT NULL,
  `subject` varchar(255) NOT NULL,
  `section` varchar(100) NOT NULL,
  `day_of_week` enum('Monday','Tuesday','Wednesday','Thursday','Friday','Saturday') NOT NULL,
  `start_time` time NOT NULL,
  `end_time` time NOT NULL,
  `room` varchar(100) DEFAULT NULL,
  `school_id` int(11) DEFAULT 1,
  `created_at` timestamp NOT NULL DEFAULT current_timestamp(),
  `updated_at` timestamp NOT NULL DEFAULT current_timestamp() ON UPDATE current_timestamp(),
  `status` enum('active','inactive') DEFAULT 'active'
) ENGINE=InnoDB DEFAULT CHARSET=utf8mb4 COLLATE=utf8mb4_unicode_ci;

--
-- Dumping data for table `teacher_schedules`
--

INSERT INTO `teacher_schedules` (`id`, `teacher_username`, `subject`, `section`, `day_of_week`, `start_time`, `end_time`, `room`, `school_id`, `created_at`, `updated_at`, `status`) VALUES
(23, 'escall', 'Web Tech', 'bsit 302', 'Monday', '08:00:00', '12:00:00', 'Computer Laboratory', 1, '2025-07-27 10:02:40', '2025-07-27 10:02:40', 'active'),
(24, 'alex', 'Quantitaive Methods', 'BSIT-302', 'Friday', '17:00:00', '19:00:00', 'Massage Room', 2, '2025-07-27 10:11:48', '2025-07-27 10:11:48', 'active');

--
-- Triggers `teacher_schedules`
--
DELIMITER $$
CREATE TRIGGER `teacher_schedule_after_delete` AFTER DELETE ON `teacher_schedules` FOR EACH ROW BEGIN
    INSERT INTO teacher_schedule_logs (schedule_id, action, old_values, changed_by)
    VALUES (OLD.id, 'DELETE', JSON_OBJECT(
        'teacher_username', OLD.teacher_username,
        'subject', OLD.subject,
        'section', OLD.section,
        'day_of_week', OLD.day_of_week,
        'start_time', OLD.start_time,
        'end_time', OLD.end_time,
        'room', OLD.room,
        'school_id', OLD.school_id
    ), USER());
END
$$
DELIMITER ;
DELIMITER $$
CREATE TRIGGER `teacher_schedule_after_insert` AFTER INSERT ON `teacher_schedules` FOR EACH ROW BEGIN
    INSERT INTO teacher_schedule_logs (schedule_id, action, new_values, changed_by)
    VALUES (NEW.id, 'INSERT', JSON_OBJECT(
        'teacher_username', NEW.teacher_username,
        'subject', NEW.subject,
        'section', NEW.section,
        'day_of_week', NEW.day_of_week,
        'start_time', NEW.start_time,
        'end_time', NEW.end_time,
        'room', NEW.room,
        'school_id', NEW.school_id
    ), USER());
END
$$
DELIMITER ;
DELIMITER $$
CREATE TRIGGER `teacher_schedule_after_update` AFTER UPDATE ON `teacher_schedules` FOR EACH ROW BEGIN
    INSERT INTO teacher_schedule_logs (schedule_id, action, old_values, new_values, changed_by)
    VALUES (NEW.id, 'UPDATE', JSON_OBJECT(
        'teacher_username', OLD.teacher_username,
        'subject', OLD.subject,
        'section', OLD.section,
        'day_of_week', OLD.day_of_week,
        'start_time', OLD.start_time,
        'end_time', OLD.end_time,
        'room', OLD.room,
        'school_id', OLD.school_id
    ), JSON_OBJECT(
        'teacher_username', NEW.teacher_username,
        'subject', NEW.subject,
        'section', NEW.section,
        'day_of_week', NEW.day_of_week,
        'start_time', NEW.start_time,
        'end_time', NEW.end_time,
        'room', NEW.room,
        'school_id', NEW.school_id
    ), USER());
END
$$
DELIMITER ;

-- --------------------------------------------------------

--
-- Stand-in structure for view `teacher_schedule_conflicts`
-- (See below for the actual view)
--
CREATE TABLE `teacher_schedule_conflicts` (
`schedule1_id` int(11)
,`teacher1` varchar(255)
,`subject1` varchar(255)
,`section1` varchar(100)
,`day_of_week` enum('Monday','Tuesday','Wednesday','Thursday','Friday','Saturday')
,`start1` time
,`end1` time
,`room1` varchar(100)
,`schedule2_id` int(11)
,`teacher2` varchar(255)
,`subject2` varchar(255)
,`section2` varchar(100)
,`start2` time
,`end2` time
,`room2` varchar(100)
);

-- --------------------------------------------------------

--
-- Table structure for table `teacher_schedule_logs`
--

CREATE TABLE `teacher_schedule_logs` (
  `id` int(11) NOT NULL,
  `schedule_id` int(11) NOT NULL,
  `action` enum('INSERT','UPDATE','DELETE') NOT NULL,
  `old_values` longtext CHARACTER SET utf8mb4 COLLATE utf8mb4_bin DEFAULT NULL CHECK (json_valid(`old_values`)),
  `new_values` longtext CHARACTER SET utf8mb4 COLLATE utf8mb4_bin DEFAULT NULL CHECK (json_valid(`new_values`)),
  `changed_by` varchar(255) DEFAULT NULL,
  `changed_at` timestamp NOT NULL DEFAULT current_timestamp()
) ENGINE=InnoDB DEFAULT CHARSET=utf8mb4 COLLATE=utf8mb4_unicode_ci;

--
-- Dumping data for table `teacher_schedule_logs`
--

INSERT INTO `teacher_schedule_logs` (`id`, `schedule_id`, `action`, `old_values`, `new_values`, `changed_by`, `changed_at`) VALUES
(1, 19, 'INSERT', NULL, '{\"teacher_username\": \"escall\", \"subject\": \"Web Tech\", \"section\": \"bsit 302\", \"day_of_week\": \"Monday\", \"start_time\": \"08:00:00\", \"end_time\": \"12:00:00\", \"room\": \"Computer Laboratory\", \"school_id\": 1}', 'root@localhost', '2025-07-27 09:28:17'),
(2, 19, 'UPDATE', '{\"teacher_username\": \"escall\", \"subject\": \"Web Tech\", \"section\": \"bsit 302\", \"day_of_week\": \"Monday\", \"start_time\": \"08:00:00\", \"end_time\": \"12:00:00\", \"room\": \"Computer Laboratory\", \"school_id\": 1}', '{\"teacher_username\": \"escall\", \"subject\": \"Web Technology\", \"section\": \"bsit 302\", \"day_of_week\": \"Monday\", \"start_time\": \"08:00:00\", \"end_time\": \"12:00:00\", \"room\": \"Computer Laboratory\", \"school_id\": 1}', 'root@localhost', '2025-07-27 09:29:25'),
(3, 20, 'INSERT', NULL, '{\"teacher_username\": \"alex\", \"subject\": \"Quantitaive Methods\", \"section\": \"bsit 301\", \"day_of_week\": \"Tuesday\", \"start_time\": \"09:00:00\", \"end_time\": \"23:00:00\", \"room\": \"Room 1\", \"school_id\": 2}', 'root@localhost', '2025-07-27 09:30:52'),
(4, 21, 'INSERT', NULL, '{\"teacher_username\": \"alex\", \"subject\": \"Networking\", \"section\": \"bsit 301\", \"day_of_week\": \"Monday\", \"start_time\": \"08:00:00\", \"end_time\": \"22:00:00\", \"room\": \"Upper Stage\", \"school_id\": 2}', 'root@localhost', '2025-07-27 09:31:24'),
(5, 22, 'INSERT', NULL, '{\"teacher_username\": \"escall\", \"subject\": \"Quantitaive Methods\", \"section\": \"bsit 301\", \"day_of_week\": \"Monday\", \"start_time\": \"13:00:00\", \"end_time\": \"14:00:00\", \"room\": \"Upper Stage\", \"school_id\": 1}', 'root@localhost', '2025-07-27 09:55:28'),
(6, 1, 'DELETE', '{\"teacher_username\": \"teacher1\", \"subject\": \"Mathematics\", \"section\": \"BSIT-1A\", \"day_of_week\": \"Monday\", \"start_time\": \"08:00:00\", \"end_time\": \"09:30:00\", \"room\": \"Room 101\", \"school_id\": 1}', NULL, 'root@localhost', '2025-07-27 10:02:16'),
(7, 2, 'DELETE', '{\"teacher_username\": \"teacher1\", \"subject\": \"Physics\", \"section\": \"BSIT-1B\", \"day_of_week\": \"Monday\", \"start_time\": \"10:00:00\", \"end_time\": \"11:30:00\", \"room\": \"Room 102\", \"school_id\": 1}', NULL, 'root@localhost', '2025-07-27 10:02:16'),
(8, 3, 'DELETE', '{\"teacher_username\": \"teacher1\", \"subject\": \"Computer Science\", \"section\": \"BSIT-2A\", \"day_of_week\": \"Tuesday\", \"start_time\": \"08:00:00\", \"end_time\": \"09:30:00\", \"room\": \"Computer Lab\", \"school_id\": 1}', NULL, 'root@localhost', '2025-07-27 10:02:16'),
(9, 4, 'DELETE', '{\"teacher_username\": \"teacher1\", \"subject\": \"Programming\", \"section\": \"BSIT-2B\", \"day_of_week\": \"Tuesday\", \"start_time\": \"10:00:00\", \"end_time\": \"11:30:00\", \"room\": \"Computer Lab\", \"school_id\": 1}', NULL, 'root@localhost', '2025-07-27 10:02:16'),
(10, 5, 'DELETE', '{\"teacher_username\": \"teacher1\", \"subject\": \"Database Management\", \"section\": \"BSIT-3A\", \"day_of_week\": \"Wednesday\", \"start_time\": \"08:00:00\", \"end_time\": \"09:30:00\", \"room\": \"Room 103\", \"school_id\": 1}', NULL, 'root@localhost', '2025-07-27 10:02:16'),
(11, 6, 'DELETE', '{\"teacher_username\": \"teacher1\", \"subject\": \"Web Development\", \"section\": \"BSIT-3B\", \"day_of_week\": \"Wednesday\", \"start_time\": \"10:00:00\", \"end_time\": \"11:30:00\", \"room\": \"Computer Lab\", \"school_id\": 1}', NULL, 'root@localhost', '2025-07-27 10:02:16'),
(12, 7, 'DELETE', '{\"teacher_username\": \"teacher1\", \"subject\": \"Mathematics\", \"section\": \"BSIT-1A\", \"day_of_week\": \"Monday\", \"start_time\": \"08:00:00\", \"end_time\": \"09:30:00\", \"room\": \"Room 101\", \"school_id\": 1}', NULL, 'root@localhost', '2025-07-27 10:02:16'),
(13, 8, 'DELETE', '{\"teacher_username\": \"teacher1\", \"subject\": \"Physics\", \"section\": \"BSIT-1B\", \"day_of_week\": \"Monday\", \"start_time\": \"10:00:00\", \"end_time\": \"11:30:00\", \"room\": \"Room 102\", \"school_id\": 1}', NULL, 'root@localhost', '2025-07-27 10:02:16'),
(14, 9, 'DELETE', '{\"teacher_username\": \"teacher1\", \"subject\": \"Computer Science\", \"section\": \"BSIT-2A\", \"day_of_week\": \"Tuesday\", \"start_time\": \"08:00:00\", \"end_time\": \"09:30:00\", \"room\": \"Computer Lab\", \"school_id\": 1}', NULL, 'root@localhost', '2025-07-27 10:02:16'),
(15, 10, 'DELETE', '{\"teacher_username\": \"teacher1\", \"subject\": \"Programming\", \"section\": \"BSIT-2B\", \"day_of_week\": \"Tuesday\", \"start_time\": \"10:00:00\", \"end_time\": \"11:30:00\", \"room\": \"Computer Lab\", \"school_id\": 1}', NULL, 'root@localhost', '2025-07-27 10:02:16'),
(16, 11, 'DELETE', '{\"teacher_username\": \"teacher1\", \"subject\": \"Database Management\", \"section\": \"BSIT-3A\", \"day_of_week\": \"Wednesday\", \"start_time\": \"08:00:00\", \"end_time\": \"09:30:00\", \"room\": \"Room 103\", \"school_id\": 1}', NULL, 'root@localhost', '2025-07-27 10:02:16'),
(17, 12, 'DELETE', '{\"teacher_username\": \"teacher1\", \"subject\": \"Web Development\", \"section\": \"BSIT-3B\", \"day_of_week\": \"Wednesday\", \"start_time\": \"10:00:00\", \"end_time\": \"11:30:00\", \"room\": \"Computer Lab\", \"school_id\": 1}', NULL, 'root@localhost', '2025-07-27 10:02:16'),
(18, 13, 'DELETE', '{\"teacher_username\": \"teacher1\", \"subject\": \"Mathematics\", \"section\": \"BSIT-1A\", \"day_of_week\": \"Monday\", \"start_time\": \"08:00:00\", \"end_time\": \"09:30:00\", \"room\": \"Room 101\", \"school_id\": 1}', NULL, 'root@localhost', '2025-07-27 10:02:16'),
(19, 14, 'DELETE', '{\"teacher_username\": \"teacher1\", \"subject\": \"Physics\", \"section\": \"BSIT-1B\", \"day_of_week\": \"Monday\", \"start_time\": \"10:00:00\", \"end_time\": \"11:30:00\", \"room\": \"Room 102\", \"school_id\": 1}', NULL, 'root@localhost', '2025-07-27 10:02:16'),
(20, 15, 'DELETE', '{\"teacher_username\": \"teacher1\", \"subject\": \"Computer Science\", \"section\": \"BSIT-2A\", \"day_of_week\": \"Tuesday\", \"start_time\": \"08:00:00\", \"end_time\": \"09:30:00\", \"room\": \"Computer Lab\", \"school_id\": 1}', NULL, 'root@localhost', '2025-07-27 10:02:16'),
(21, 16, 'DELETE', '{\"teacher_username\": \"teacher1\", \"subject\": \"Programming\", \"section\": \"BSIT-2B\", \"day_of_week\": \"Tuesday\", \"start_time\": \"10:00:00\", \"end_time\": \"11:30:00\", \"room\": \"Computer Lab\", \"school_id\": 1}', NULL, 'root@localhost', '2025-07-27 10:02:16'),
(22, 17, 'DELETE', '{\"teacher_username\": \"teacher1\", \"subject\": \"Database Management\", \"section\": \"BSIT-3A\", \"day_of_week\": \"Wednesday\", \"start_time\": \"08:00:00\", \"end_time\": \"09:30:00\", \"room\": \"Room 103\", \"school_id\": 1}', NULL, 'root@localhost', '2025-07-27 10:02:16'),
(23, 18, 'DELETE', '{\"teacher_username\": \"teacher1\", \"subject\": \"Web Development\", \"section\": \"BSIT-3B\", \"day_of_week\": \"Wednesday\", \"start_time\": \"10:00:00\", \"end_time\": \"11:30:00\", \"room\": \"Computer Lab\", \"school_id\": 1}', NULL, 'root@localhost', '2025-07-27 10:02:16'),
(24, 19, 'DELETE', '{\"teacher_username\": \"escall\", \"subject\": \"Web Technology\", \"section\": \"bsit 302\", \"day_of_week\": \"Monday\", \"start_time\": \"08:00:00\", \"end_time\": \"12:00:00\", \"room\": \"Computer Laboratory\", \"school_id\": 1}', NULL, 'root@localhost', '2025-07-27 10:02:16'),
(25, 20, 'DELETE', '{\"teacher_username\": \"alex\", \"subject\": \"Quantitaive Methods\", \"section\": \"bsit 301\", \"day_of_week\": \"Tuesday\", \"start_time\": \"09:00:00\", \"end_time\": \"23:00:00\", \"room\": \"Room 1\", \"school_id\": 2}', NULL, 'root@localhost', '2025-07-27 10:02:16'),
(26, 21, 'DELETE', '{\"teacher_username\": \"alex\", \"subject\": \"Networking\", \"section\": \"bsit 301\", \"day_of_week\": \"Monday\", \"start_time\": \"08:00:00\", \"end_time\": \"22:00:00\", \"room\": \"Upper Stage\", \"school_id\": 2}', NULL, 'root@localhost', '2025-07-27 10:02:17'),
(27, 22, 'DELETE', '{\"teacher_username\": \"escall\", \"subject\": \"Quantitaive Methods\", \"section\": \"bsit 301\", \"day_of_week\": \"Monday\", \"start_time\": \"13:00:00\", \"end_time\": \"14:00:00\", \"room\": \"Upper Stage\", \"school_id\": 1}', NULL, 'root@localhost', '2025-07-27 10:02:17'),
(28, 23, 'INSERT', NULL, '{\"teacher_username\": \"escall\", \"subject\": \"Web Tech\", \"section\": \"bsit 302\", \"day_of_week\": \"Monday\", \"start_time\": \"08:00:00\", \"end_time\": \"12:00:00\", \"room\": \"Computer Laboratory\", \"school_id\": 1}', 'root@localhost', '2025-07-27 10:02:40'),
(29, 24, 'INSERT', NULL, '{\"teacher_username\": \"alex\", \"subject\": \"Quantitaive Methods\", \"section\": \"BSIT-302\", \"day_of_week\": \"Friday\", \"start_time\": \"17:00:00\", \"end_time\": \"19:00:00\", \"room\": \"Massage Room\", \"school_id\": 2}', 'root@localhost', '2025-07-27 10:11:48');

-- --------------------------------------------------------

--
-- Table structure for table `user_settings`
--

CREATE TABLE `user_settings` (
  `id` int(11) NOT NULL,
  `email` varchar(255) NOT NULL,
  `school_year` varchar(10) NOT NULL,
  `semester` varchar(20) NOT NULL,
  `created_at` datetime NOT NULL,
  `updated_at` datetime NOT NULL,
  `school_id` int(11) DEFAULT 1
) ENGINE=InnoDB DEFAULT CHARSET=utf8mb4 COLLATE=utf8mb4_general_ci;

--
-- Dumping data for table `user_settings`
--

INSERT INTO `user_settings` (`id`, `email`, `school_year`, `semester`, `created_at`, `updated_at`, `school_id`) VALUES
(1, 'escall.byte@gmail.com', '2024-2025', '2nd Semester', '2025-04-05 14:54:58', '2025-04-09 21:20:55', 1),
(2, '', '2025-2026', '2nd Semester', '2025-07-17 13:01:21', '2025-07-17 13:36:35', 1),
(3, 'test@example.com', '2024-2025', '2nd Semester', '2025-07-17 13:28:45', '2025-07-17 13:28:59', 1),
(6, 'joerenz.dev@gmail.com', '2025-2026', '1st Semester', '2025-07-17 14:01:24', '2025-07-17 14:01:40', 1),
(7, 'joerenzescallente027@gmail.com', '2025-2026', '2nd Semester', '2025-07-27 15:21:59', '2025-07-27 15:21:59', 1);

-- --------------------------------------------------------

--
-- Structure for view `teacher_schedule_conflicts`
--
DROP TABLE IF EXISTS `teacher_schedule_conflicts`;

CREATE ALGORITHM=UNDEFINED DEFINER=`root`@`localhost` SQL SECURITY DEFINER VIEW `teacher_schedule_conflicts`  AS SELECT `t1`.`id` AS `schedule1_id`, `t1`.`teacher_username` AS `teacher1`, `t1`.`subject` AS `subject1`, `t1`.`section` AS `section1`, `t1`.`day_of_week` AS `day_of_week`, `t1`.`start_time` AS `start1`, `t1`.`end_time` AS `end1`, `t1`.`room` AS `room1`, `t2`.`id` AS `schedule2_id`, `t2`.`teacher_username` AS `teacher2`, `t2`.`subject` AS `subject2`, `t2`.`section` AS `section2`, `t2`.`start_time` AS `start2`, `t2`.`end_time` AS `end2`, `t2`.`room` AS `room2` FROM (`teacher_schedules` `t1` join `teacher_schedules` `t2` on(`t1`.`id` <> `t2`.`id` and `t1`.`day_of_week` = `t2`.`day_of_week` and `t1`.`school_id` = `t2`.`school_id` and (`t1`.`start_time` < `t2`.`end_time` and `t1`.`end_time` > `t2`.`start_time` or `t2`.`start_time` < `t1`.`end_time` and `t2`.`end_time` > `t1`.`start_time`))) WHERE `t1`.`status` = 'active' AND `t2`.`status` = 'active' ;

--
-- Indexes for dumped tables
--

--
-- Indexes for table `activity_logs`
--
ALTER TABLE `activity_logs`
  ADD PRIMARY KEY (`id`),
  ADD KEY `idx_user_id` (`user_id`),
  ADD KEY `idx_action_type` (`action_type`),
  ADD KEY `idx_created_at` (`created_at`);

--
-- Indexes for table `attendance_grades`
--
ALTER TABLE `attendance_grades`
  ADD PRIMARY KEY (`id`),
  ADD UNIQUE KEY `unique_student_course_term_section` (`student_id`,`course_id`,`term`,`section`),
  ADD KEY `student_id` (`student_id`),
  ADD KEY `course_id` (`course_id`);

--
-- Indexes for table `attendance_logs`
--
ALTER TABLE `attendance_logs`
  ADD PRIMARY KEY (`id`),
  ADD KEY `session_id` (`session_id`),
  ADD KEY `student_id` (`student_id`);

--
-- Indexes for table `attendance_sessions`
--
ALTER TABLE `attendance_sessions`
  ADD PRIMARY KEY (`id`),
  ADD KEY `instructor_id` (`instructor_id`);

--
-- Indexes for table `class_schedules`
--
ALTER TABLE `class_schedules`
  ADD PRIMARY KEY (`id`),
  ADD KEY `idx_school_id` (`school_id`),
  ADD KEY `idx_instructor` (`instructor_name`),
  ADD KEY `idx_section` (`course_section`),
  ADD KEY `idx_subject` (`subject`);

--
-- Indexes for table `class_time_settings`
--
ALTER TABLE `class_time_settings`
  ADD PRIMARY KEY (`id`),
  ADD UNIQUE KEY `unique_schedule` (`instructor_name`,`course_section`,`subject`,`school_id`);

--
-- Indexes for table `courses`
--
ALTER TABLE `courses`
  ADD PRIMARY KEY (`id`);

--
-- Indexes for table `offline_data`
--
ALTER TABLE `offline_data`
  ADD PRIMARY KEY (`id`),
  ADD KEY `idx_status` (`status`),
  ADD KEY `idx_created_at` (`created_at`);

--
-- Indexes for table `school_info`
--
ALTER TABLE `school_info`
  ADD PRIMARY KEY (`id`),
  ADD UNIQUE KEY `unique_school` (`school_id`);

--
-- Indexes for table `tbl_attendance`
--
ALTER TABLE `tbl_attendance`
  ADD PRIMARY KEY (`tbl_attendance_id`),
  ADD KEY `tbl_student_id` (`tbl_student_id`),
  ADD KEY `fk_instructor_id` (`instructor_id`),
  ADD KEY `fk_subject_id` (`subject_id`);

--
-- Indexes for table `tbl_face_recognition_logs`
--
ALTER TABLE `tbl_face_recognition_logs`
  ADD PRIMARY KEY (`log_id`),
  ADD KEY `student_id` (`student_id`);

--
-- Indexes for table `tbl_face_verification_logs`
--
ALTER TABLE `tbl_face_verification_logs`
  ADD PRIMARY KEY (`log_id`),
  ADD KEY `student_id` (`student_id`);

--
-- Indexes for table `tbl_instructors`
--
ALTER TABLE `tbl_instructors`
  ADD PRIMARY KEY (`instructor_id`);

--
-- Indexes for table `tbl_instructor_subjects`
--
ALTER TABLE `tbl_instructor_subjects`
  ADD PRIMARY KEY (`id`),
  ADD UNIQUE KEY `unique_instructor_subject` (`instructor_id`,`subject_id`),
  ADD KEY `subject_id` (`subject_id`);

--
-- Indexes for table `tbl_schedules`
--
ALTER TABLE `tbl_schedules`
  ADD PRIMARY KEY (`id`),
  ADD KEY `instructor_id` (`instructor_id`);

--
-- Indexes for table `tbl_student`
--
ALTER TABLE `tbl_student`
  ADD PRIMARY KEY (`tbl_student_id`);

--
-- Indexes for table `tbl_subjects`
--
ALTER TABLE `tbl_subjects`
  ADD PRIMARY KEY (`subject_id`),
  ADD UNIQUE KEY `subject_name` (`subject_name`);

--
-- Indexes for table `teacher_holidays`
--
ALTER TABLE `teacher_holidays`
  ADD PRIMARY KEY (`id`),
  ADD UNIQUE KEY `unique_holiday_date_school` (`holiday_date`,`school_id`),
  ADD KEY `idx_school_id` (`school_id`),
  ADD KEY `idx_holiday_date` (`holiday_date`);

--
-- Indexes for table `teacher_schedules`
--
ALTER TABLE `teacher_schedules`
  ADD PRIMARY KEY (`id`),
  ADD KEY `idx_teacher_username` (`teacher_username`),
  ADD KEY `idx_school_id` (`school_id`),
  ADD KEY `idx_day_time` (`day_of_week`,`start_time`,`end_time`),
  ADD KEY `idx_teacher_schedules_composite` (`teacher_username`,`school_id`,`day_of_week`),
  ADD KEY `idx_teacher_schedules_time_range` (`start_time`,`end_time`);

--
-- Indexes for table `teacher_schedule_logs`
--
ALTER TABLE `teacher_schedule_logs`
  ADD PRIMARY KEY (`id`),
  ADD KEY `idx_schedule_id` (`schedule_id`),
  ADD KEY `idx_action` (`action`),
  ADD KEY `idx_changed_at` (`changed_at`);

--
-- Indexes for table `user_settings`
--
ALTER TABLE `user_settings`
  ADD PRIMARY KEY (`id`),
  ADD UNIQUE KEY `unique_email` (`email`);

--
-- AUTO_INCREMENT for dumped tables
--

--
-- AUTO_INCREMENT for table `activity_logs`
--
ALTER TABLE `activity_logs`
  MODIFY `id` int(11) NOT NULL AUTO_INCREMENT, AUTO_INCREMENT=53;

--
-- AUTO_INCREMENT for table `attendance_grades`
--
ALTER TABLE `attendance_grades`
  MODIFY `id` int(11) NOT NULL AUTO_INCREMENT;

--
-- AUTO_INCREMENT for table `attendance_logs`
--
ALTER TABLE `attendance_logs`
  MODIFY `id` int(11) NOT NULL AUTO_INCREMENT;

--
-- AUTO_INCREMENT for table `attendance_sessions`
--
ALTER TABLE `attendance_sessions`
  MODIFY `id` int(11) NOT NULL AUTO_INCREMENT;

--
-- AUTO_INCREMENT for table `class_schedules`
--
ALTER TABLE `class_schedules`
  MODIFY `id` int(11) NOT NULL AUTO_INCREMENT, AUTO_INCREMENT=7;

--
-- AUTO_INCREMENT for table `class_time_settings`
--
ALTER TABLE `class_time_settings`
  MODIFY `id` int(11) NOT NULL AUTO_INCREMENT;

--
-- AUTO_INCREMENT for table `courses`
--
ALTER TABLE `courses`
  MODIFY `id` int(11) NOT NULL AUTO_INCREMENT;

--
-- AUTO_INCREMENT for table `offline_data`
--
ALTER TABLE `offline_data`
  MODIFY `id` int(11) NOT NULL AUTO_INCREMENT;

--
-- AUTO_INCREMENT for table `school_info`
--
ALTER TABLE `school_info`
  MODIFY `id` int(11) NOT NULL AUTO_INCREMENT, AUTO_INCREMENT=3;

--
-- AUTO_INCREMENT for table `tbl_attendance`
--
ALTER TABLE `tbl_attendance`
  MODIFY `tbl_attendance_id` int(11) NOT NULL AUTO_INCREMENT, AUTO_INCREMENT=3;

--
-- AUTO_INCREMENT for table `tbl_face_recognition_logs`
--
ALTER TABLE `tbl_face_recognition_logs`
  MODIFY `log_id` int(11) NOT NULL AUTO_INCREMENT;

--
-- AUTO_INCREMENT for table `tbl_face_verification_logs`
--
ALTER TABLE `tbl_face_verification_logs`
  MODIFY `log_id` int(11) NOT NULL AUTO_INCREMENT, AUTO_INCREMENT=18;

--
-- AUTO_INCREMENT for table `tbl_instructors`
--
ALTER TABLE `tbl_instructors`
  MODIFY `instructor_id` int(11) NOT NULL AUTO_INCREMENT, AUTO_INCREMENT=2;

--
-- AUTO_INCREMENT for table `tbl_instructor_subjects`
--
ALTER TABLE `tbl_instructor_subjects`
  MODIFY `id` int(11) NOT NULL AUTO_INCREMENT, AUTO_INCREMENT=12;

--
-- AUTO_INCREMENT for table `tbl_schedules`
--
ALTER TABLE `tbl_schedules`
  MODIFY `id` int(11) NOT NULL AUTO_INCREMENT;

--
-- AUTO_INCREMENT for table `tbl_student`
--
ALTER TABLE `tbl_student`
  MODIFY `tbl_student_id` int(11) NOT NULL AUTO_INCREMENT, AUTO_INCREMENT=6;

--
-- AUTO_INCREMENT for table `tbl_subjects`
--
ALTER TABLE `tbl_subjects`
  MODIFY `subject_id` int(11) NOT NULL AUTO_INCREMENT, AUTO_INCREMENT=4;

--
-- AUTO_INCREMENT for table `teacher_holidays`
--
ALTER TABLE `teacher_holidays`
  MODIFY `id` int(11) NOT NULL AUTO_INCREMENT, AUTO_INCREMENT=28;

--
-- AUTO_INCREMENT for table `teacher_schedules`
--
ALTER TABLE `teacher_schedules`
  MODIFY `id` int(11) NOT NULL AUTO_INCREMENT, AUTO_INCREMENT=25;

--
-- AUTO_INCREMENT for table `teacher_schedule_logs`
--
ALTER TABLE `teacher_schedule_logs`
  MODIFY `id` int(11) NOT NULL AUTO_INCREMENT, AUTO_INCREMENT=30;

--
-- AUTO_INCREMENT for table `user_settings`
--
ALTER TABLE `user_settings`
  MODIFY `id` int(11) NOT NULL AUTO_INCREMENT, AUTO_INCREMENT=8;

--
-- Constraints for dumped tables
--

--
-- Constraints for table `attendance_grades`
--
ALTER TABLE `attendance_grades`
  ADD CONSTRAINT `fk_grade_student` FOREIGN KEY (`student_id`) REFERENCES `tbl_student` (`tbl_student_id`) ON DELETE CASCADE;

--
-- Constraints for table `attendance_logs`
--
ALTER TABLE `attendance_logs`
  ADD CONSTRAINT `fk_log_session` FOREIGN KEY (`session_id`) REFERENCES `attendance_sessions` (`id`) ON DELETE CASCADE,
  ADD CONSTRAINT `fk_log_student` FOREIGN KEY (`student_id`) REFERENCES `tbl_student` (`tbl_student_id`) ON DELETE CASCADE;

--
-- Constraints for table `attendance_sessions`
--
ALTER TABLE `attendance_sessions`
  ADD CONSTRAINT `fk_session_instructor` FOREIGN KEY (`instructor_id`) REFERENCES `tbl_instructors` (`instructor_id`) ON DELETE CASCADE;

--
-- Constraints for table `tbl_attendance`
--
ALTER TABLE `tbl_attendance`
  ADD CONSTRAINT `fk_instructor_id` FOREIGN KEY (`instructor_id`) REFERENCES `tbl_instructors` (`instructor_id`) ON DELETE SET NULL,
  ADD CONSTRAINT `fk_subject_id` FOREIGN KEY (`subject_id`) REFERENCES `tbl_subjects` (`subject_id`) ON DELETE SET NULL;

--
-- Constraints for table `tbl_face_recognition_logs`
--
ALTER TABLE `tbl_face_recognition_logs`
  ADD CONSTRAINT `tbl_face_recognition_logs_ibfk_1` FOREIGN KEY (`student_id`) REFERENCES `tbl_student` (`tbl_student_id`) ON DELETE CASCADE;

--
-- Constraints for table `tbl_face_verification_logs`
--
ALTER TABLE `tbl_face_verification_logs`
  ADD CONSTRAINT `fk_verification_student` FOREIGN KEY (`student_id`) REFERENCES `tbl_student` (`tbl_student_id`) ON DELETE SET NULL ON UPDATE CASCADE;

--
-- Constraints for table `tbl_instructor_subjects`
--
ALTER TABLE `tbl_instructor_subjects`
  ADD CONSTRAINT `tbl_instructor_subjects_ibfk_1` FOREIGN KEY (`instructor_id`) REFERENCES `tbl_instructors` (`instructor_id`) ON DELETE CASCADE,
  ADD CONSTRAINT `tbl_instructor_subjects_ibfk_2` FOREIGN KEY (`subject_id`) REFERENCES `tbl_subjects` (`subject_id`) ON DELETE CASCADE;

--
-- Constraints for table `tbl_schedules`
--
ALTER TABLE `tbl_schedules`
  ADD CONSTRAINT `tbl_schedules_ibfk_1` FOREIGN KEY (`instructor_id`) REFERENCES `tbl_instructors` (`instructor_id`) ON DELETE CASCADE;
COMMIT;

/*!40101 SET CHARACTER_SET_CLIENT=@OLD_CHARACTER_SET_CLIENT */;
/*!40101 SET CHARACTER_SET_RESULTS=@OLD_CHARACTER_SET_RESULTS */;
/*!40101 SET COLLATION_CONNECTION=@OLD_COLLATION_CONNECTION */;
